crs,station_name,n_observed,first_observed,last_observed,n_internal_gaps,internal_gap_years
AAP,Alexandra Palace,27,1997.0,2024.0,0,
AAT,Achanalt,27,1997.0,2024.0,0,
ABA,Aberdare,27,1997.0,2024.0,0,
ABC,Altnabreac,26,1997.0,2023.0,0,
ABD,Aberdeen,27,1997.0,2024.0,0,
ABE,Aber,27,1997.0,2024.0,0,
ABH,Abererch,27,1997.0,2024.0,0,
ABW,Abbey Wood,27,1997.0,2024.0,0,
ABY,Ashburys,27,1997.0,2024.0,0,
ACB,Acton Bridge (Cheshire),27,1997.0,2024.0,0,
ACC,Acton Central,27,1997.0,2024.0,0,
ACG,Acocks Green,27,1997.0,2024.0,0,
ACH,Achnashellach,27,1997.0,2024.0,0,
ACK,Acklington,27,1997.0,2024.0,0,
ACL,Acle,27,1997.0,2024.0,0,
ACN,Achnasheen,27,1997.0,2024.0,0,
ACR,Accrington,27,1997.0,2024.0,0,
ACT,Ascot (Berks),27,1997.0,2024.0,0,
ACY,Abercynon,17,2008.0,2024.0,0,
ADC,Adlington (Cheshire),27,1997.0,2024.0,0,
ADD,Adderley Park,27,1997.0,2024.0,0,
ADK,Ardwick,27,1997.0,2024.0,0,
ADL,Adlington (Lancashire),27,1997.0,2024.0,0,
ADM,Adisham,27,1997.0,2024.0,0,
ADN,Ardrossan Town,27,1997.0,2024.0,0,
ADR,Airdrie,27,1997.0,2024.0,0,
ADS,Ardrossan Harbour,27,1997.0,2024.0,0,
ADV,Andover,27,1997.0,2024.0,0,
ADW,Addiewell,27,1997.0,2024.0,0,
AFK,Ashford International,27,1997.0,2024.0,0,
AFS,Ashford (Surrey),27,1997.0,2024.0,0,
AFV,Ansdell and Fairhaven,27,1997.0,2024.0,0,
AGL,Abergele and Pensarn,27,1997.0,2024.0,0,
AGS,Argyle Street,27,1997.0,2024.0,0,
AGT,Aldrington,27,1997.0,2024.0,0,
AGV,Abergavenny,27,1997.0,2024.0,0,
AHD,Ashtead,27,1997.0,2024.0,0,
AHN,Ashton-Under-Lyne,27,1997.0,2024.0,0,
AHS,Ashurst (Kent),27,1997.0,2024.0,0,
AHT,Aldershot,27,1997.0,2024.0,0,
AHV,Ash Vale,27,1997.0,2024.0,0,
AIG,Aigburth,27,1997.0,2024.0,0,
AIN,Aintree,27,1997.0,2024.0,0,
AIR,Airbles,27,1997.0,2024.0,0,
ALB,Albrighton,27,1997.0,2024.0,0,
ALD,Alderley Edge,27,1997.0,2024.0,0,
ALF,Alfreton,27,1997.0,2024.0,0,
ALK,Aslockton,27,1997.0,2024.0,0,
ALM,Alnmouth,27,1997.0,2024.0,0,
ALN,Althorne (Essex),27,1997.0,2024.0,0,
ALO,Alloa,17,2008.0,2024.0,0,
ALP,Althorpe,27,1997.0,2024.0,0,
ALR,Alresford (Essex),27,1997.0,2024.0,0,
ALT,Altrincham,27,1997.0,2024.0,0,
ALV,Alvechurch,27,1997.0,2024.0,0,
ALW,Allens West,27,1997.0,2024.0,0,
ALX,Alexandria,27,1997.0,2024.0,0,
AMB,Ambergate,27,1997.0,2024.0,0,
AMF,Ammanford,27,1997.0,2024.0,0,
AML,Acton Main Line,27,1997.0,2024.0,0,
AMR,Amersham,19,2006.0,2024.0,0,
AMT,Aldermaston,27,1997.0,2024.0,0,
AMY,Amberley,27,1997.0,2024.0,0,
ANC,Ancaster,27,1997.0,2024.0,0,
AND,Anderston,27,1997.0,2024.0,0,
ANF,Ashurst New Forest,27,1997.0,2024.0,0,
ANG,Angmering,27,1997.0,2024.0,0,
ANL,Anniesland,27,1997.0,2024.0,0,
ANN,Annan,27,1997.0,2024.0,0,
ANS,Ainsdale,27,1997.0,2024.0,0,
ANZ,Anerley,27,1997.0,2024.0,0,
AON,Alton,27,1997.0,2024.0,0,
APB,Appley Bridge,27,1997.0,2024.0,0,
APD,Appledore (Kent),27,1997.0,2024.0,0,
APF,Appleford,27,1997.0,2024.0,0,
APG,Aspley Guise,27,1997.0,2024.0,0,
APP,Appleby,27,1997.0,2024.0,0,
APS,Apsley,27,1997.0,2024.0,0,
APY,Apperley Bridge,10,2015.0,2024.0,0,
ARB,Arbroath,27,1997.0,2024.0,0,
ARD,Ardgay,27,1997.0,2024.0,0,
ARG,Arisaig,27,1997.0,2024.0,0,
ARL,Arlesey,27,1997.0,2024.0,0,
ARM,Armadale (West Lothian),15,2010.0,2024.0,0,
ARN,Arnside,27,1997.0,2024.0,0,
ARR,Arram,27,1997.0,2024.0,0,
ART,Arrochar and Tarbet,27,1997.0,2024.0,0,
ARU,Arundel,27,1997.0,2024.0,0,
ASB,Ardrossan South Beach,27,1997.0,2024.0,0,
ASC,Ashchurch for Tewkesbury,27,1997.0,2024.0,0,
ASD,Ashley Down,1,2024.0,2024.0,0,
ASF,Ashfield,27,1997.0,2024.0,0,
ASG,Alsager,27,1997.0,2024.0,0,
ASH,Ash,27,1997.0,2024.0,0,
ASK,Askam,27,1997.0,2024.0,0,
ASL,Ashington,1,2024.0,2024.0,0,
ASN,Addlestone,27,1997.0,2024.0,0,
ASP,Aspatria,27,1997.0,2024.0,0,
ASS,Alness,27,1997.0,2024.0,0,
AST,Aston,27,1997.0,2024.0,0,
ASY,Ashley,27,1997.0,2024.0,0,
ATB,Attenborough,27,1997.0,2024.0,0,
ATH,Atherstone,27,1997.0,2024.0,0,
ATL,Attleborough,27,1997.0,2024.0,0,
ATN,Atherton,27,1997.0,2024.0,0,
ATT,Attadale,27,1997.0,2024.0,0,
AUD,Audley End,27,1997.0,2024.0,0,
AUG,Aughton Park,27,1997.0,2024.0,0,
AUI,Ardlui,27,1997.0,2024.0,0,
AUK,Auchinleck,27,1997.0,2024.0,0,
AUR,Aberdour,27,1997.0,2024.0,0,
AUW,Ascott-Under-Wychwood,27,1997.0,2024.0,0,
AVF,Avoncliff,27,1997.0,2024.0,0,
AVM,Aviemore,27,1997.0,2024.0,0,
AVN,Avonmouth,27,1997.0,2024.0,0,
AVP,Aylesbury Vale Parkway,17,2008.0,2024.0,0,
AVY,Aberdovey,27,1997.0,2024.0,0,
AWK,Adwick,27,1997.0,2024.0,0,
AWM,Ashwell and Morden,27,1997.0,2024.0,0,
AWT,Armathwaite,27,1997.0,2024.0,0,
AXM,Axminster,27,1997.0,2024.0,0,
AXP,Alexandra Parade,27,1997.0,2024.0,0,
AYH,Aylesham,27,1997.0,2024.0,0,
AYL,Aylesford,27,1997.0,2024.0,0,
AYP,Albany Park,27,1997.0,2024.0,0,
AYR,Ayr,27,1997.0,2024.0,0,
AYS,Aylesbury,27,1997.0,2024.0,0,
AYW,Aberystwyth,27,1997.0,2024.0,0,
BAA,Barnham,27,1997.0,2024.0,0,
BAB,Balcombe,27,1997.0,2024.0,0,
BAC,Bache,27,1997.0,2024.0,0,
BAD,Banstead,27,1997.0,2024.0,0,
BAG,Bagshot,27,1997.0,2024.0,0,
BAH,Bank Hall,27,1997.0,2024.0,0,
BAI,Blairhill,27,1997.0,2024.0,0,
BAJ,Baglan,27,1997.0,2024.0,0,
BAK,Battersea Park,27,1997.0,2024.0,0,
BAL,Balham,27,1997.0,2024.0,0,
BAM,Bamford,27,1997.0,2024.0,0,
BAN,Banbury,27,1997.0,2024.0,0,
BAR,Bare Lane,27,1997.0,2024.0,0,
BAS,Bere Alston,27,1997.0,2024.0,0,
BAT,Battle,27,1997.0,2024.0,0,
BAU,Barton-On-Humber,27,1997.0,2024.0,0,
BAV,Barrow Haven,27,1997.0,2024.0,0,
BAW,Blackwater,27,1997.0,2024.0,0,
BAY,Bayford,27,1997.0,2024.0,0,
BBG,Bishopbriggs,27,1997.0,2024.0,0,
BBK,Bilbrook,27,1997.0,2024.0,0,
BBL,Bat and Ball,27,1997.0,2024.0,0,
BBN,Blackburn,27,1997.0,2024.0,0,
BBS,Bordesley,27,1997.0,2024.0,0,
BBW,Berry Brow,27,1997.0,2024.0,0,
BCB,Burscough Bridge,27,1997.0,2024.0,0,
BCC,Beccles,27,1997.0,2024.0,0,
BCE,Bracknell,27,1997.0,2024.0,0,
BCF,Beaconsfield,27,1997.0,2024.0,0,
BCG,Birchgrove,27,1997.0,2024.0,0,
BCH,Birchington-On-Sea,27,1997.0,2024.0,0,
BCJ,Burscough Junction,27,1997.0,2024.0,0,
BCK,Buckley,27,1997.0,2024.0,0,
BCN,Branchton,27,1997.0,2024.0,0,
BCS,Bicester North,27,1997.0,2024.0,0,
BCU,Brockenhurst,27,1997.0,2024.0,0,
BCV,Bruce Grove,27,1997.0,2024.0,0,
BCY,Brockley,27,1997.0,2024.0,0,
BCZ,Brent Cross West,2,2023.0,2024.0,0,
BDA,Brundall,27,1997.0,2024.0,0,
BDB,Broadbottom,27,1997.0,2024.0,0,
BDG,Bridgeton,27,1997.0,2024.0,0,
BDH,Bedhampton,27,1997.0,2024.0,0,
BDI,Bradford Interchange,27,1997.0,2024.0,0,
BDK,Baldock,27,1997.0,2024.0,0,
BDL,Birkdale,27,1997.0,2024.0,0,
BDM,Bedford,27,1997.0,2024.0,0,
BDN,Brading,27,1997.0,2024.0,0,
BDQ,Bradford Forster Square,27,1997.0,2024.0,0,
BDS,Bond Street,3,2022.0,2024.0,0,
BDT,Bridlington,27,1997.0,2024.0,0,
BDW,Bedwyn,27,1997.0,2024.0,0,
BDY,Bredbury,27,1997.0,2024.0,0,
BEA,Bridge Of Allan,27,1997.0,2024.0,0,
BEB,Bebington,27,1997.0,2024.0,0,
BEC,Beckenham Hill,27,1997.0,2024.0,0,
BEE,Beeston,27,1997.0,2024.0,0,
BEF,Benfleet,27,1997.0,2024.0,0,
BEG,Beltring,27,1997.0,2024.0,0,
BEH,Bedworth,27,1997.0,2024.0,0,
BEL,Beauly,23,2001.0,2024.0,0,
BEM,Bempton,27,1997.0,2024.0,0,
BEN,Bentham,27,1997.0,2024.0,0,
BEP,Bermuda Park,10,2015.0,2024.0,0,
BER,Bearley,27,1997.0,2024.0,0,
BES,Bescar Lane,27,1997.0,2024.0,0,
BET,Bethnal Green,27,1997.0,2024.0,0,
BEU,Beaulieu Road,27,1997.0,2024.0,0,
BEV,Beverley,27,1997.0,2024.0,0,
BEX,Bexhill,27,1997.0,2024.0,0,
BEY,Ben Rhydding,27,1997.0,2024.0,0,
BFD,Brentford,27,1997.0,2024.0,0,
BFE,Bere Ferrers,27,1997.0,2024.0,0,
BFF,Blaenau Ffestiniog,27,1997.0,2024.0,0,
BFN,Byfleet and New Haw,27,1997.0,2024.0,0,
BFR,London Blackfriars,27,1997.0,2024.0,0,
BGA,Brundall Gardens,27,1997.0,2024.0,0,
BGD,Bargoed,27,1997.0,2024.0,0,
BGE,Broad Green,27,1997.0,2024.0,0,
BGG,Brigg,27,1997.0,2024.0,0,
BGH,Brighouse,24,2000.0,2024.0,0,
BGI,Bargeddie,27,1997.0,2024.0,0,
BGL,Bugle,27,1997.0,2024.0,0,
BGM,Bellingham,27,1997.0,2024.0,0,
BGN,Bridgend,27,1997.0,2024.0,0,
BGS,Bogston,27,1997.0,2024.0,0,
BGV,Barking Riverside,3,2022.0,2024.0,0,
BHC,Balloch,27,1997.0,2024.0,0,
BHD,Brithdir,27,1997.0,2024.0,0,
BHG,Bathgate,27,1997.0,2024.0,0,
BHI,Birmingham International,27,1997.0,2024.0,0,
BHK,Bush Hill Park,27,1997.0,2024.0,0,
BHM,Birmingham New Street,27,1997.0,2024.0,0,
BHO,Blackhorse Road,22,2000.0,2024.0,2,2001;2002
BHR,Builth Road,27,1997.0,2024.0,0,
BHS,Brockholes,27,1997.0,2024.0,0,
BIA,Bishop Auckland,27,1997.0,2024.0,0,
BIB,Bishops Lydeard,0,,,0,
BIC,Billericay,27,1997.0,2024.0,0,
BID,Bidston,27,1997.0,2024.0,0,
BIF,Barrow-In-Furness,27,1997.0,2024.0,0,
BIG,Billingshurst,27,1997.0,2024.0,0,
BIK,Birkbeck,27,1997.0,2024.0,0,
BIL,Billingham,27,1997.0,2024.0,0,
BIN,Bingham,27,1997.0,2024.0,0,
BIO,Baillieston,27,1997.0,2024.0,0,
BIP,Bishopstone (Sussex),27,1997.0,2024.0,0,
BIS,Bishops Stortford,27,1997.0,2024.0,0,
BIT,Bicester Village,27,1997.0,2024.0,0,
BIW,Biggleswade,27,1997.0,2024.0,0,
BIY,Bingley,27,1997.0,2024.0,0,
BKA,Bookham,27,1997.0,2024.0,0,
BKC,Birkenhead Central,27,1997.0,2024.0,0,
BKD,Blakedown,27,1997.0,2024.0,0,
BKG,Barking,27,1997.0,2024.0,0,
BKH,Blackheath,27,1997.0,2024.0,0,
BKJ,Beckenham Junction,27,1997.0,2024.0,0,
BKL,Bickley,27,1997.0,2024.0,0,
BKM,Berkhamsted,27,1997.0,2024.0,0,
BKN,Birkenhead North,27,1997.0,2024.0,0,
BKO,Brookwood,27,1997.0,2024.0,0,
BKP,Birkenhead Park,27,1997.0,2024.0,0,
BKQ,Birkenhead Hamilton Square,27,1997.0,2024.0,0,
BKR,Blackridge,15,2010.0,2024.0,0,
BKS,Bekesbourne,27,1997.0,2024.0,0,
BKT,Blake Street,27,1997.0,2024.0,0,
BKW,Berkswell,27,1997.0,2024.0,0,
BLA,Blair Atholl,27,1997.0,2024.0,0,
BLB,Battlesbridge,27,1997.0,2024.0,0,
BLD,Baildon,27,1997.0,2024.0,0,
BLE,Bramley (West Yorkshire),27,1997.0,2024.0,0,
BLG,Bellgrove,27,1997.0,2024.0,0,
BLH,Bellshill,27,1997.0,2024.0,0,
BLK,Blackrod,27,1997.0,2024.0,0,
BLL,Bardon Mill,27,1997.0,2024.0,0,
BLM,Belmont,27,1997.0,2024.0,0,
BLN,Blundellsands and Crosby,27,1997.0,2024.0,0,
BLO,Blaydon,27,1997.0,2024.0,0,
BLP,Belper,27,1997.0,2024.0,0,
BLT,Blantyre,27,1997.0,2024.0,0,
BLV,Belle Vue,27,1997.0,2024.0,0,
BLW,Bulwell,27,1997.0,2024.0,0,
BLX,Bloxwich,27,1997.0,2024.0,0,
BLY,Bletchley,27,1997.0,2024.0,0,
BMB,Bamber Bridge,27,1997.0,2024.0,0,
BMC,Bromley Cross (Lancs),27,1997.0,2024.0,0,
BMD,Brimsdown,27,1997.0,2024.0,0,
BME,Broome,27,1997.0,2024.0,0,
BMF,Broomfleet,27,1997.0,2024.0,0,
BMG,Barming,27,1997.0,2024.0,0,
BMH,Bournemouth,27,1997.0,2024.0,0,
BML,Bramhall,27,1997.0,2024.0,0,
BMN,Bromley North,27,1997.0,2024.0,0,
BMO,Birmingham Moor Street,27,1997.0,2024.0,0,
BMP,Brampton (Cumbria),27,1997.0,2024.0,0,
BMR,Bromborough Rake,27,1997.0,2024.0,0,
BMS,Bromley South,27,1997.0,2024.0,0,
BMT,Bedminster,27,1997.0,2024.0,0,
BMV,Bromsgrove,27,1997.0,2024.0,0,
BMY,Bramley (Hampshire),27,1997.0,2024.0,0,
BNA,Burnage,27,1997.0,2024.0,0,
BNC,Burnley Central,27,1997.0,2024.0,0,
BND,Brandon,27,1997.0,2024.0,0,
BNE,Bourne End,27,1997.0,2024.0,0,
BNF,Briton Ferry,27,1997.0,2024.0,0,
BNG,Bangor (Gwynedd),27,1997.0,2024.0,0,
BNH,Barnehurst,27,1997.0,2024.0,0,
BNI,Barnes Bridge,27,1997.0,2024.0,0,
BNL,Barnhill,27,1997.0,2024.0,0,
BNM,Burnham (Buckinghamshire),27,1997.0,2024.0,0,
BNP,Barnstaple,27,1997.0,2024.0,0,
BNS,Barnes,27,1997.0,2024.0,0,
BNT,Brinnington,27,1997.0,2024.0,0,
BNV,Banavie,27,1997.0,2024.0,0,
BNW,Bootle New Strand,27,1997.0,2024.0,0,
BNY,Barnsley,27,1997.0,2024.0,0,
BOA,Bradford-On-Avon,27,1997.0,2024.0,0,
BOC,Bootle (Cumbria),27,1997.0,2024.0,0,
BOD,Bodmin Parkway,27,1997.0,2024.0,0,
BOE,Botley,27,1997.0,2024.0,0,
BOG,Bognor Regis,27,1997.0,2024.0,0,
BOH,Bosham,27,1997.0,2024.0,0,
BOM,Bromborough,27,1997.0,2024.0,0,
BON,Bolton,27,1997.0,2024.0,0,
BOP,Bowes Park,27,1997.0,2024.0,0,
BOR,Bodorgan,27,1997.0,2024.0,0,
BOT,Bootle Oriel Road,27,1997.0,2024.0,0,
BOW,Bow Street,5,2020.0,2024.0,0,
BPB,Blackpool Pleasure Beach,27,1997.0,2024.0,0,
BPK,Brookmans Park,27,1997.0,2024.0,0,
BPN,Blackpool North,27,1997.0,2024.0,0,
BPS,Blackpool South,27,1997.0,2024.0,0,
BPT,Bishopton (Renfrewshire),27,1997.0,2024.0,0,
BPW,Bristol Parkway,27,1997.0,2024.0,0,
BRA,Brora,27,1997.0,2024.0,0,
BRC,Breich,27,1997.0,2024.0,0,
BRE,Brentwood,27,1997.0,2024.0,0,
BRF,Brierfield,27,1997.0,2024.0,0,
BRG,Borough Green and Wrotham,27,1997.0,2024.0,0,
BRH,Borth,27,1997.0,2024.0,0,
BRI,Bristol Temple Meads,27,1997.0,2024.0,0,
BRK,Berwick (Sussex),27,1997.0,2024.0,0,
BRL,Barrhill,27,1997.0,2024.0,0,
BRM,Barmouth,27,1997.0,2024.0,0,
BRN,Bearsden,27,1997.0,2024.0,0,
BRO,Bridge Of Orchy,27,1997.0,2024.0,0,
BRP,Brampton (Suffolk),27,1997.0,2024.0,0,
BRR,Barrhead,27,1997.0,2024.0,0,
BRS,Berrylands,27,1997.0,2024.0,0,
BRU,Bruton,27,1997.0,2024.0,0,
BRV,Bournville,27,1997.0,2024.0,0,
BRW,Brunswick,27,1997.0,2024.0,0,
BRX,Brixton,27,1997.0,2024.0,0,
BRY,Barry,27,1997.0,2024.0,0,
BSB,Bleasby,27,1997.0,2024.0,0,
BSC,Bescot Stadium,27,1997.0,2024.0,0,
BSD,Bearsted,27,1997.0,2024.0,0,
BSE,Bury St Edmunds,27,1997.0,2024.0,0,
BSH,Bushey,27,1997.0,2024.0,0,
BSI,Balmossie,27,1997.0,2024.0,0,
BSJ,Bedford St Johns,27,1997.0,2024.0,0,
BSK,Basingstoke,27,1997.0,2024.0,0,
BSL,Beasdale,27,1997.0,2024.0,0,
BSM,Branksome,27,1997.0,2024.0,0,
BSN,Boston,27,1997.0,2024.0,0,
BSO,Basildon,27,1997.0,2024.0,0,
BSP,Brondesbury Park,27,1997.0,2024.0,0,
BSR,Broadstairs,27,1997.0,2024.0,0,
BSS,Barassie,27,1997.0,2024.0,0,
BSU,Brunstane,22,2002.0,2024.0,0,
BSV,Buckshaw Parkway,14,2011.0,2024.0,0,
BSW,Birmingham Snow Hill,27,1997.0,2024.0,0,
BSY,Brondesbury,27,1997.0,2024.0,0,
BTB,Barnetby,27,1997.0,2024.0,0,
BTD,Bolton-Upon-Dearne,27,1997.0,2024.0,0,
BTE,Bitterne,27,1997.0,2024.0,0,
BTF,Bottesford,27,1997.0,2024.0,0,
BTG,Barnt Green,27,1997.0,2024.0,0,
BTH,Bath Spa,27,1997.0,2024.0,0,
BTL,Batley,27,1997.0,2024.0,0,
BTN,Brighton,27,1997.0,2024.0,0,
BTO,Betchworth,27,1997.0,2024.0,0,
BTP,Braintree Freeport,24,2000.0,2024.0,0,
BTR,Braintree,27,1997.0,2024.0,0,
BTS,Burntisland,27,1997.0,2024.0,0,
BTT,Battersby,27,1997.0,2024.0,0,
BTY,Bentley (Hampshire),27,1997.0,2024.0,0,
BUB,Burnley Barracks,27,1997.0,2024.0,0,
BUC,Buckenham,27,1997.0,2024.0,0,
BUD,Burneside (Cumbria),27,1997.0,2024.0,0,
BUE,Bures,27,1997.0,2024.0,0,
BUG,Burgess Hill,27,1997.0,2024.0,0,
BUH,Brough,27,1997.0,2024.0,0,
BUI,Burnside (South Lanarkshire),27,1997.0,2024.0,0,
BUJ,Burton Joyce,27,1997.0,2024.0,0,
BUK,Bucknell,27,1997.0,2024.0,0,
BUL,Butlers Lane,27,1997.0,2024.0,0,
BUO,Bursledon,27,1997.0,2024.0,0,
BUS,Busby,27,1997.0,2024.0,0,
BUT,Burton-On-Trent,27,1997.0,2024.0,0,
BUU,Burnham-On-Crouch,27,1997.0,2024.0,0,
BUW,Burley-In-Wharfedale,27,1997.0,2024.0,0,
BUX,Buxton,27,1997.0,2024.0,0,
BUY,Burley Park,27,1997.0,2024.0,0,
BVD,Belvedere,27,1997.0,2024.0,0,
BWB,Bow Brickhill,27,1997.0,2024.0,0,
BWD,Birchwood,27,1997.0,2024.0,0,
BWG,Bowling,27,1997.0,2024.0,0,
BWK,Berwick-Upon-Tweed,27,1997.0,2024.0,0,
BWN,Bloxwich North,27,1997.0,2024.0,0,
BWO,Bricket Wood,27,1997.0,2024.0,0,
BWS,Barrow-Upon-Soar,27,1997.0,2024.0,0,
BWT,Bridgwater,27,1997.0,2024.0,0,
BXB,Broxbourne,27,1997.0,2024.0,0,
BXD,Buxted,27,1997.0,2024.0,0,
BXH,Bexleyheath,27,1997.0,2024.0,0,
BXW,Box Hill and Westhumble,27,1997.0,2024.0,0,
BXY,Bexley,27,1997.0,2024.0,0,
BYA,Berney Arms,27,1997.0,2024.0,0,
BYB,Blythe Bridge,27,1997.0,2024.0,0,
BYC,Betws-y-Coed,27,1997.0,2024.0,0,
BYD,Barry Docks,27,1997.0,2024.0,0,
BYE,Bynea,27,1997.0,2024.0,0,
BYF,Broughty Ferry,27,1997.0,2024.0,0,
BYI,Barry Island,27,1997.0,2024.0,0,
BYK,Bentley (South Yorkshire),27,1997.0,2024.0,0,
BYL,Barry Links,27,1997.0,2024.0,0,
BYM,Burnley Manchester Road,27,1997.0,2024.0,0,
BYN,Bryn,27,1997.0,2024.0,0,
BYS,Braystones,27,1997.0,2024.0,0,
CAA,Coventry Arena,10,2015.0,2024.0,0,
CAC,Caldercruix,15,2010.0,2024.0,0,
CAD,Cadoxton,27,1997.0,2024.0,0,
CAG,Carrbridge,27,1997.0,2024.0,0,
CAK,Cark and Cartmel,27,1997.0,2024.0,0,
CAM,Camberley,27,1997.0,2024.0,0,
CAN,Carnoustie,27,1997.0,2024.0,0,
CAO,Cannock,27,1997.0,2024.0,0,
CAR,Carlisle,27,1997.0,2024.0,0,
CAS,Castleton (Manchester),27,1997.0,2024.0,0,
CAT,Caterham,27,1997.0,2024.0,0,
CAU,Causeland,27,1997.0,2024.0,0,
CAY,Carntyne,27,1997.0,2024.0,0,
CBB,Carbis Bay,27,1997.0,2024.0,0,
CBC,Coatbridge Central,27,1997.0,2024.0,0,
CBD,Conon Bridge,13,2012.0,2024.0,0,
CBE,Canterbury East,27,1997.0,2024.0,0,
CBG,Cambridge,27,1997.0,2024.0,0,
CBH,Cambridge Heath,27,1997.0,2024.0,0,
CBK,Cranbrook (Devon),10,2015.0,2024.0,0,
CBL,Cambuslang,27,1997.0,2024.0,0,
CBN,Camborne,27,1997.0,2024.0,0,
CBP,Castle Bar Park,27,1997.0,2024.0,0,
CBR,Cooksbridge,27,1997.0,2024.0,0,
CBS,Coatbridge Sunnyside,27,1997.0,2024.0,0,
CBW,Canterbury West,27,1997.0,2024.0,0,
CBX,Cameron Bridge,1,2024.0,2024.0,0,
CBY,Charlbury,27,1997.0,2024.0,0,
CCC,Criccieth,27,1997.0,2024.0,0,
CCH,Chichester,27,1997.0,2024.0,0,
CCT,Cathcart,27,1997.0,2024.0,0,
CDB,Cardiff Bay,27,1997.0,2024.0,0,
CDD,Cardenden,27,1997.0,2024.0,0,
CDF,Cardiff Central,27,1997.0,2024.0,0,
CDI,Crediton,27,1997.0,2024.0,0,
CDN,Coulsdon Town,14,2011.0,2024.0,0,
CDO,Cardonald,27,1997.0,2024.0,0,
CDQ,Cardiff Queen Street,27,1997.0,2024.0,0,
CDR,Cardross,27,1997.0,2024.0,0,
CDS,Coulsdon South,27,1997.0,2024.0,0,
CDT,Caldicot,27,1997.0,2024.0,0,
CDU,Cam and Dursley,27,1997.0,2024.0,0,
CDY,Cartsdyke,27,1997.0,2024.0,0,
CEA,Cleland,27,1997.0,2024.0,0,
CED,Cheddington,27,1997.0,2024.0,0,
CEF,Chapel-En-Le-Frith,27,1997.0,2024.0,0,
CEH,Coleshill Parkway,18,2007.0,2024.0,0,
CEL,Chelford (Cheshire),27,1997.0,2024.0,0,
CES,Cressing (Essex),27,1997.0,2024.0,0,
CET,Colchester Town,27,1997.0,2024.0,0,
CEY,Cononley,27,1997.0,2024.0,0,
CFB,Catford Bridge,27,1997.0,2024.0,0,
CFC,Corfe Castle,0,,,0,
CFD,Castleford,27,1997.0,2024.0,0,
CFF,Croftfoot,27,1997.0,2024.0,0,
CFH,Chafford Hundred Lakeside,27,1997.0,2024.0,0,
CFL,Crossflatts,27,1997.0,2024.0,0,
CFN,Clifton Down,27,1997.0,2024.0,0,
CFO,Chalfont and Latimer,19,2006.0,2024.0,0,
CFR,Chandlers Ford,21,2004.0,2024.0,0,
CFT,Crofton Park,27,1997.0,2024.0,0,
CGD,Craigendoran,27,1997.0,2024.0,0,
CGM,Cottingham,27,1997.0,2024.0,0,
CGN,Cogan,27,1997.0,2024.0,0,
CGW,Caergwrle,27,1997.0,2024.0,0,
CHC,Charing Cross (Glasgow),27,1997.0,2024.0,0,
CHD,Chesterfield,27,1997.0,2024.0,0,
CHE,Cheam,27,1997.0,2024.0,0,
CHF,Church Fenton,27,1997.0,2024.0,0,
CHG,Charing (Kent),27,1997.0,2024.0,0,
CHH,Christs Hospital,27,1997.0,2024.0,0,
CHI,Chingford,27,1997.0,2024.0,0,
CHK,Chiswick,27,1997.0,2024.0,0,
CHL,Chilworth,27,1997.0,2024.0,0,
CHM,Chelmsford,27,1997.0,2024.0,0,
CHN,Cheshunt,27,1997.0,2024.0,0,
CHO,Cholsey,27,1997.0,2024.0,0,
CHP,Chipstead,27,1997.0,2024.0,0,
CHR,Christchurch,27,1997.0,2024.0,0,
CHT,Chathill,27,1997.0,2024.0,0,
CHU,Cheadle Hulme,27,1997.0,2024.0,0,
CHW,Chalkwell,27,1997.0,2024.0,0,
CHX,London Charing Cross,27,1997.0,2024.0,0,
CHY,Chertsey,27,1997.0,2024.0,0,
CIL,Chilham,27,1997.0,2024.0,0,
CIM,Cilmeri,27,1997.0,2024.0,0,
CIR,Caledonian Road and Barnsbury,27,1997.0,2024.0,0,
CIT,Chislehurst,27,1997.0,2024.0,0,
CKH,Corkerhill,27,1997.0,2024.0,0,
CKL,Corkickle,27,1997.0,2024.0,0,
CKN,Crewkerne,27,1997.0,2024.0,0,
CKS,Clarkston,27,1997.0,2024.0,0,
CKT,Crookston,27,1997.0,2024.0,0,
CKY,Crosskeys,18,2007.0,2024.0,0,
CLA,Clandon,27,1997.0,2024.0,0,
CLC,Castle Cary,27,1997.0,2024.0,0,
CLD,Chelsfield,27,1997.0,2024.0,0,
CLE,Cleethorpes,27,1997.0,2024.0,0,
CLG,Claygate,27,1997.0,2024.0,0,
CLH,Clitheroe,27,1997.0,2024.0,0,
CLI,Clifton (Manchester),27,1997.0,2024.0,0,
CLJ,Clapham Junction,27,1997.0,2024.0,0,
CLK,Clock House,27,1997.0,2024.0,0,
CLL,Collington,27,1997.0,2024.0,0,
CLM,Collingham,27,1997.0,2024.0,0,
CLN,Chapeltown (South Yorkshire),27,1997.0,2024.0,0,
CLP,Clapham High Street,27,1997.0,2024.0,0,
CLR,Clarbeston Road,27,1997.0,2024.0,0,
CLS,Chester-Le-Street,27,1997.0,2024.0,0,
CLT,Clacton-on-Sea,27,1997.0,2024.0,0,
CLU,Carluke,27,1997.0,2024.0,0,
CLV,Claverdon,27,1997.0,2024.0,0,
CLW,Chorleywood,19,2006.0,2024.0,0,
CLY,Chinley,27,1997.0,2024.0,0,
CMB,Cambridge North,8,2017.0,2024.0,0,
CMD,Camden Road,27,1997.0,2024.0,0,
CME,Combe (Oxon),27,1997.0,2024.0,0,
CMF,Cromford,27,1997.0,2024.0,0,
CMH,Cwmbach,27,1997.0,2024.0,0,
CML,Carmyle,27,1997.0,2024.0,0,
CMN,Carmarthen,27,1997.0,2024.0,0,
CMO,Camelon,27,1997.0,2024.0,0,
CMR,Cromer,27,1997.0,2024.0,0,
CMY,Crossmyloof,27,1997.0,2024.0,0,
CNE,Colne,27,1997.0,2024.0,0,
CNF,Carnforth,27,1997.0,2024.0,0,
CNG,Congleton,27,1997.0,2024.0,0,
CNL,Canley,27,1997.0,2024.0,0,
CNM,Cheltenham Spa,27,1997.0,2024.0,0,
CNN,Canonbury,27,1997.0,2024.0,0,
CNO,Chetnole,27,1997.0,2024.0,0,
CNP,Conway Park,26,1998.0,2024.0,0,
CNR,Crianlarich,27,1997.0,2024.0,0,
CNS,Conisbrough,27,1997.0,2024.0,0,
CNW,Conwy,27,1997.0,2024.0,0,
CNY,Cantley,27,1997.0,2024.0,0,
COA,Coatdyke,27,1997.0,2024.0,0,
COB,Cooden Beach,27,1997.0,2024.0,0,
COE,Coombe Junction Halt,27,1997.0,2024.0,0,
COH,Crowborough,27,1997.0,2024.0,0,
COI,Crosshill,27,1997.0,2024.0,0,
COL,Colchester,27,1997.0,2024.0,0,
COM,Commondale,27,1997.0,2024.0,0,
CON,Connel Ferry,27,1997.0,2024.0,0,
COO,Cookham,27,1997.0,2024.0,0,
COP,Copplestone,27,1997.0,2024.0,0,
COR,Corby,17,1997.0,2024.0,10,1998;1999;2000;2001;2002;2004;2005;2006;2007;2008
COS,Cosford,27,1997.0,2024.0,0,
COT,Cottingley,27,1997.0,2024.0,0,
COV,Coventry,27,1997.0,2024.0,0,
COW,Cowdenbeath,27,1997.0,2024.0,0,
COY,Coryton,27,1997.0,2024.0,0,
CPA,Corpach,27,1997.0,2024.0,0,
CPH,Caerphilly,27,1997.0,2024.0,0,
CPK,Carpenders Park,27,1997.0,2024.0,0,
CPM,Chippenham,27,1997.0,2024.0,0,
CPN,Chapelton (Devon),27,1997.0,2024.0,0,
CPT,Clapton,27,1997.0,2024.0,0,
CPU,Capenhurst,27,1997.0,2024.0,0,
CPW,Chepstow,27,1997.0,2024.0,0,
CPY,Clapham (North Yorkshire),27,1997.0,2024.0,0,
CRA,Cradley Heath,27,1997.0,2024.0,0,
CRB,Corbridge,27,1997.0,2024.0,0,
CRD,Chester Road,27,1997.0,2024.0,0,
CRE,Crewe,27,1997.0,2024.0,0,
CRF,Carfin,27,1997.0,2024.0,0,
CRG,Cross Gates,27,1997.0,2024.0,0,
CRH,Crouch Hill,27,1997.0,2024.0,0,
CRI,Cricklewood,27,1997.0,2024.0,0,
CRK,Chirk,27,1997.0,2024.0,0,
CRL,Chorley,27,1997.0,2024.0,0,
CRM,Cramlington,27,1997.0,2024.0,0,
CRN,Crowthorne,27,1997.0,2024.0,0,
CRO,Croy,27,1997.0,2024.0,0,
CRR,Corrour,27,1997.0,2024.0,0,
CRS,Carstairs,27,1997.0,2024.0,0,
CRT,Chartham,27,1997.0,2024.0,0,
CRV,Craven Arms,27,1997.0,2024.0,0,
CRW,Crawley,27,1997.0,2024.0,0,
CRY,Crayford,27,1997.0,2024.0,0,
CSA,Cosham,27,1997.0,2024.0,0,
CSB,Carshalton Beeches,27,1997.0,2024.0,0,
CSD,Cobham and Stoke D'abernon,27,1997.0,2024.0,0,
CSG,Cressington,27,1997.0,2024.0,0,
CSH,Carshalton,27,1997.0,2024.0,0,
CSK,Calstock,27,1997.0,2024.0,0,
CSL,Codsall,27,1997.0,2024.0,0,
CSM,Castleton Moor,27,1997.0,2024.0,0,
CSN,Chessington North,27,1997.0,2024.0,0,
CSO,Croston,27,1997.0,2024.0,0,
CSR,Chassen Road,27,1997.0,2024.0,0,
CSS,Chessington South,27,1997.0,2024.0,0,
CST,London Cannon Street,27,1997.0,2024.0,0,
CSW,Chestfield and Swalecliffe,27,1997.0,2024.0,0,
CSY,Coseley,27,1997.0,2024.0,0,
CTE,Chatelherault,20,2005.0,2024.0,0,
CTF,Catford,27,1997.0,2024.0,0,
CTH,Chadwell Heath,27,1997.0,2024.0,0,
CTK,City Thameslink,27,1997.0,2024.0,0,
CTL,Cattal,27,1997.0,2024.0,0,
CTM,Chatham,27,1997.0,2024.0,0,
CTN,Charlton,27,1997.0,2024.0,0,
CTO,Carlton,27,1997.0,2024.0,0,
CTR,Chester,27,1997.0,2024.0,0,
CTT,Church Stretton,27,1997.0,2024.0,0,
CTW,Church and Oswaldtwistle,27,1997.0,2024.0,0,
CUA,Culrain,27,1997.0,2024.0,0,
CUB,Cumbernauld,27,1997.0,2024.0,0,
CUD,Cuddington,27,1997.0,2024.0,0,
CUF,Cuffley,27,1997.0,2024.0,0,
CUH,Curriehill,27,1997.0,2024.0,0,
CUM,Culham,27,1997.0,2024.0,0,
CUP,Cupar,27,1997.0,2024.0,0,
CUS,Custom House,12,1997.0,2024.0,15,2007;2008;2009;2010;2011;2012;2013;2014;2015;2016;2017;2018;2019;2020;2021
CUW,Clunderwen,27,1997.0,2024.0,0,
CUX,Cuxton,27,1997.0,2024.0,0,
CWB,Colwyn Bay,27,1997.0,2024.0,0,
CWC,Chappel and Wakes Colne,27,1997.0,2024.0,0,
CWD,Creswell,26,1998.0,2024.0,0,
CWE,Crowle,27,1997.0,2024.0,0,
CWH,Crews Hill,27,1997.0,2024.0,0,
CWL,Colwall,27,1997.0,2024.0,0,
CWM,Cwmbran,27,1997.0,2024.0,0,
CWN,Cowden (Kent),27,1997.0,2024.0,0,
CWS,Caersws,27,1997.0,2024.0,0,
CWU,Crowhurst,27,1997.0,2024.0,0,
CWX,Canary Wharf,3,2022.0,2024.0,0,
CYB,Cefn-Y-Bedd,27,1997.0,2024.0,0,
CYK,Clydebank,27,1997.0,2024.0,0,
CYN,Cynghordy,27,1997.0,2024.0,0,
CYP,Crystal Palace,27,1997.0,2024.0,0,
CYS,Cathays,27,1997.0,2024.0,0,
CYT,Cherry Tree,27,1997.0,2024.0,0,
DAG,Dalgety Bay,27,1997.0,2024.0,0,
DAK,Dalmarnock,27,1997.0,2024.0,0,
DAL,Dalmally,27,1997.0,2024.0,0,
DAM,Dalmeny,27,1997.0,2024.0,0,
DAN,Darnall,27,1997.0,2024.0,0,
DAR,Darlington,27,1997.0,2024.0,0,
DAT,Datchet,27,1997.0,2024.0,0,
DBC,Dumbarton Central,27,1997.0,2024.0,0,
DBD,Denby Dale,27,1997.0,2024.0,0,
DBE,Dumbarton East,27,1997.0,2024.0,0,
DBG,Mottisfont and Dunbridge,27,1997.0,2024.0,0,
DBL,Dunblane,27,1997.0,2024.0,0,
DBR,Derby Road (Ipswich),27,1997.0,2024.0,0,
DBY,Derby,27,1997.0,2024.0,0,
DCG,Duncraig,27,1997.0,2024.0,0,
DCH,Dorchester South,27,1997.0,2024.0,0,
DCT,Danescourt,27,1997.0,2024.0,0,
DCW,Dorchester West,27,1997.0,2024.0,0,
DDG,Dorridge,27,1997.0,2024.0,0,
DDK,Dagenham Dock,27,1997.0,2024.0,0,
DDP,Dudley Port,27,1997.0,2024.0,0,
DEA,Deal,27,1997.0,2024.0,0,
DEE,Dundee,27,1997.0,2024.0,0,
DEN,Dean (Wilts),27,1997.0,2024.0,0,
DEP,Deptford,27,1997.0,2024.0,0,
DEW,Dewsbury,27,1997.0,2024.0,0,
DFD,Dartford,27,1997.0,2024.0,0,
DFE,Dunfermline City,27,1997.0,2024.0,0,
DFI,Duffield,27,1997.0,2024.0,0,
DFL,Dunfermline Queen Margaret,24,2000.0,2024.0,0,
DFR,Drumfrochar,26,1998.0,2024.0,0,
DGC,Denham Golf Club,27,1997.0,2024.0,0,
DGL,Dingle Road,27,1997.0,2024.0,0,
DGT,Deansgate,27,1997.0,2024.0,0,
DGY,Deganwy,27,1997.0,2024.0,0,
DHM,Durham,27,1997.0,2024.0,0,
DHN,Deighton,27,1997.0,2024.0,0,
DID,Didcot Parkway,27,1997.0,2024.0,0,
DIG,Digby and Sowton,27,1997.0,2024.0,0,
DIN,Dingwall,27,1997.0,2024.0,0,
DIS,Diss,27,1997.0,2024.0,0,
DKD,Dunkeld and Birnam,27,1997.0,2024.0,0,
DKG,Dorking (Main),27,1997.0,2024.0,0,
DKT,Dorking West,27,1997.0,2024.0,0,
DLG,Dolgarrog,27,1997.0,2024.0,0,
DLH,Doleham,27,1997.0,2024.0,0,
DLJ,Dalston Junction,15,2010.0,2024.0,0,
DLK,Dalston Kingsland,27,1997.0,2024.0,0,
DLM,Delamere,27,1997.0,2024.0,0,
DLR,Dalreoch,27,1997.0,2024.0,0,
DLS,Dalston (Cumbria),27,1997.0,2024.0,0,
DLT,Dalton (Cumbria),27,1997.0,2024.0,0,
DLW,Dalwhinnie,27,1997.0,2024.0,0,
DLY,Dalry,27,1997.0,2024.0,0,
DMC,Drumchapel,27,1997.0,2024.0,0,
DMF,Dumfries,27,1997.0,2024.0,0,
DMG,Dinas (Rhondda),27,1997.0,2024.0,0,
DMH,Dilton Marsh,27,1997.0,2024.0,0,
DMK,Denmark Hill,27,1997.0,2024.0,0,
DMP,Dumpton Park,27,1997.0,2024.0,0,
DMR,Dalmuir,27,1997.0,2024.0,0,
DMS,Dormans,27,1997.0,2024.0,0,
DMY,Drumry,27,1997.0,2024.0,0,
DND,Dinsdale,27,1997.0,2024.0,0,
DNG,Dunton Green,27,1997.0,2024.0,0,
DNL,Dunlop,27,1997.0,2024.0,0,
DNM,Denham,27,1997.0,2024.0,0,
DNO,Dunrobin Castle,27,1997.0,2024.0,0,
DNS,Dinas Powys,27,1997.0,2024.0,0,
DNT,Dent,27,1997.0,2024.0,0,
DNY,Danby,27,1997.0,2024.0,0,
DOC,Dockyard (Devonport),27,1997.0,2024.0,0,
DOD,Dodworth,27,1997.0,2024.0,0,
DOL,Dolau,27,1997.0,2024.0,0,
DON,Doncaster,27,1997.0,2024.0,0,
DOR,Dore and Totley,27,1997.0,2024.0,0,
DOT,Dunston,27,1997.0,2024.0,0,
DOW,Downham Market,27,1997.0,2024.0,0,
DPD,Dorking (Deepdene),27,1997.0,2024.0,0,
DPT,Devonport,27,1997.0,2024.0,0,
DRF,Driffield,27,1997.0,2024.0,0,
DRG,Drayton Green,27,1997.0,2024.0,0,
DRI,Drigg,27,1997.0,2024.0,0,
DRM,Drem,27,1997.0,2024.0,0,
DRN,Duirinish,27,1997.0,2024.0,0,
DRO,Dronfield,27,1997.0,2024.0,0,
DRT,Darton,27,1997.0,2024.0,0,
DRU,Drumgelloch,27,1997.0,2024.0,0,
DSL,Disley,27,1997.0,2024.0,0,
DSM,Darsham,27,1997.0,2024.0,0,
DST,Duke Street,27,1997.0,2024.0,0,
DSY,Daisy Hill,27,1997.0,2024.0,0,
DTG,Dinting,27,1997.0,2024.0,0,
DTN,Denton,21,1997.0,2024.0,6,1999;2000;2001;2002;2004;2005
DTW,Droitwich Spa,27,1997.0,2024.0,0,
DUD,Duddeston,27,1997.0,2024.0,0,
DUL,Dullingham,27,1997.0,2024.0,0,
DUM,Dumbreck,27,1997.0,2024.0,0,
DUN,Dunbar,27,1997.0,2024.0,0,
DUR,Durrington-On-Sea,27,1997.0,2024.0,0,
DVC,Dovercourt,27,1997.0,2024.0,0,
DVH,Dove Holes,27,1997.0,2024.0,0,
DVN,Davenport,27,1997.0,2024.0,0,
DVP,Dover Priory,27,1997.0,2024.0,0,
DVY,Dovey Junction,27,1997.0,2024.0,0,
DWD,Dolwyddelan,27,1997.0,2024.0,0,
DWL,Dawlish,27,1997.0,2024.0,0,
DWN,Darwen,27,1997.0,2024.0,0,
DWW,Dawlish Warren,27,1997.0,2024.0,0,
DYC,Dyce,27,1997.0,2024.0,0,
DYF,Dyffryn Ardudwy,27,1997.0,2024.0,0,
DYP,Drayton Park,27,1997.0,2024.0,0,
DZY,Danzey,27,1997.0,2024.0,0,
EAD,Earlsfield,27,1997.0,2024.0,0,
EAG,Eaglescliffe,27,1997.0,2024.0,0,
EAL,Ealing Broadway,27,1997.0,2024.0,0,
EAR,Earley,27,1997.0,2024.0,0,
EBA,Euxton Balshaw Lane,27,1997.0,2024.0,0,
EBB,Ebbw Vale Town,10,2015.0,2024.0,0,
EBD,Ebbsfleet International,16,2009.0,2024.0,0,
EBK,Eastbrook,27,1997.0,2024.0,0,
EBN,Eastbourne,27,1997.0,2024.0,0,
EBR,Edenbridge (Kent),27,1997.0,2024.0,0,
EBT,Edenbridge Town,27,1997.0,2024.0,0,
EBV,Ebbw Vale Parkway,18,2007.0,2024.0,0,
ECC,Eccles (Manchester),27,1997.0,2024.0,0,
ECL,Eccleston Park,27,1997.0,2024.0,0,
ECP,Energlyn and Churchill Park,12,2013.0,2024.0,0,
ECR,East Croydon,27,1997.0,2024.0,0,
ECS,Eccles Road,27,1997.0,2024.0,0,
EDB,Edinburgh,27,1997.0,2024.0,0,
EDG,Edge Hill,27,1997.0,2024.0,0,
EDL,Edale,27,1997.0,2024.0,0,
EDN,Eden Park,27,1997.0,2024.0,0,
EDP,Edinburgh Park,21,2004.0,2024.0,0,
EDR,Edmonton Green,27,1997.0,2024.0,0,
EDW,East Dulwich,27,1997.0,2024.0,0,
EDY,East Didsbury,27,1997.0,2024.0,0,
EFF,Effingham Junction,27,1997.0,2024.0,0,
EFL,East Farleigh,27,1997.0,2024.0,0,
EGF,East Garforth,27,1997.0,2024.0,0,
EGG,Eggesford,27,1997.0,2024.0,0,
EGH,Egham,27,1997.0,2024.0,0,
EGN,Eastrington,27,1997.0,2024.0,0,
EGR,East Grinstead,27,1997.0,2024.0,0,
EGT,Egton,27,1997.0,2024.0,0,
EGY,Edinburgh Gateway,9,2016.0,2024.0,0,
EKB,Eskbank,10,2015.0,2024.0,0,
EKL,East Kilbride,27,1997.0,2024.0,0,
ELD,Earlswood (Surrey),27,1997.0,2024.0,0,
ELE,Elmers End,27,1997.0,2024.0,0,
ELG,Elgin,27,1997.0,2024.0,0,
ELO,Elton and Orston,27,1997.0,2024.0,0,
ELP,Ellesmere Port,27,1997.0,2024.0,0,
ELR,Elsecar,27,1997.0,2024.0,0,
ELS,Elstree and Borehamwood,27,1997.0,2024.0,0,
ELT,East Linton,2,2023.0,2024.0,0,
ELW,Eltham,27,1997.0,2024.0,0,
ELY,Ely,27,1997.0,2024.0,0,
EMD,East Midlands Parkway,17,2008.0,2024.0,0,
EML,East Malling,27,1997.0,2024.0,0,
EMP,Emerson Park,27,1997.0,2024.0,0,
EMS,Emsworth,27,1997.0,2024.0,0,
ENC,Enfield Chase,27,1997.0,2024.0,0,
ENF,Enfield Town,27,1997.0,2024.0,0,
ENL,Enfield Lock,27,1997.0,2024.0,0,
ENT,Entwistle,27,1997.0,2024.0,0,
EPD,Epsom Downs,27,1997.0,2024.0,0,
EPH,Elephant and Castle,27,1997.0,2024.0,0,
EPS,Epsom (Surrey),27,1997.0,2024.0,0,
ERA,Eastham Rake,27,1997.0,2024.0,0,
ERD,Erdington,27,1997.0,2024.0,0,
ERH,Erith,27,1997.0,2024.0,0,
ERI,Eridge,27,1997.0,2024.0,0,
ERL,Earlestown,27,1997.0,2024.0,0,
ESD,Elmstead Woods,27,1997.0,2024.0,0,
ESH,Esher,27,1997.0,2024.0,0,
ESL,Eastleigh,27,1997.0,2024.0,0,
ESM,Elsenham (Essex),27,1997.0,2024.0,0,
EST,Easterhouse,27,1997.0,2024.0,0,
ESW,Elmswell,27,1997.0,2024.0,0,
ETC,Etchingham,27,1997.0,2024.0,0,
ETL,East Tilbury,27,1997.0,2024.0,0,
EUS,London Euston,27,1997.0,2024.0,0,
EVE,Evesham,27,1997.0,2024.0,0,
EWD,Earlswood (West Midlands),27,1997.0,2024.0,0,
EWE,Ewell East,27,1997.0,2024.0,0,
EWR,East Worthing,27,1997.0,2024.0,0,
EWW,Ewell West,27,1997.0,2024.0,0,
EXC,Exeter Central,27,1997.0,2024.0,0,
EXD,Exeter St David's,27,1997.0,2024.0,0,
EXG,Exhibition Centre (Glasgow),27,1997.0,2024.0,0,
EXM,Exmouth,27,1997.0,2024.0,0,
EXN,Exton,27,1997.0,2024.0,0,
EXR,Essex Road,27,1997.0,2024.0,0,
EXT,Exeter St Thomas,27,1997.0,2024.0,0,
EYN,Eynsford,27,1997.0,2024.0,0,
FAL,Falmouth Docks,27,1997.0,2024.0,0,
FAV,Faversham,27,1997.0,2024.0,0,
FAZ,Fazakerley,27,1997.0,2024.0,0,
FBY,Formby,27,1997.0,2024.0,0,
FCN,Falconwood,27,1997.0,2024.0,0,
FEA,Featherstone,27,1997.0,2024.0,0,
FEL,Feltham,27,1997.0,2024.0,0,
FEN,Fenny Stratford,27,1997.0,2024.0,0,
FER,Fernhill,27,1997.0,2024.0,0,
FFA,Ffairfach,27,1997.0,2024.0,0,
FFD,Freshford,27,1997.0,2024.0,0,
FGH,Fishguard Harbour,27,1997.0,2024.0,0,
FGT,Faygate,27,1997.0,2024.0,0,
FGW,Fishguard and Goodwick,13,2012.0,2024.0,0,
FIL,Filey,27,1997.0,2024.0,0,
FIN,Finstock,27,1997.0,2024.0,0,
FIT,Filton Abbey Wood,27,1997.0,2024.0,0,
FKC,Folkestone Central,27,1997.0,2024.0,0,
FKG,Falkirk Grahamston,27,1997.0,2024.0,0,
FKK,Falkirk High,27,1997.0,2024.0,0,
FKW,Folkestone West,27,1997.0,2024.0,0,
FLD,Fauldhouse,27,1997.0,2024.0,0,
FLE,Fleet,27,1997.0,2024.0,0,
FLF,Flowery Field,27,1997.0,2024.0,0,
FLI,Flixton,27,1997.0,2024.0,0,
FLM,Flimby,27,1997.0,2024.0,0,
FLN,Flint,27,1997.0,2024.0,0,
FLT,Flitwick,27,1997.0,2024.0,0,
FLW,Fulwell,27,1997.0,2024.0,0,
FLX,Felixstowe,27,1997.0,2024.0,0,
FML,Frimley,27,1997.0,2024.0,0,
FMR,Falmer,27,1997.0,2024.0,0,
FMT,Falmouth Town,27,1997.0,2024.0,0,
FNB,Farnborough (Main),27,1997.0,2024.0,0,
FNC,Farncombe,27,1997.0,2024.0,0,
FNH,Farnham,27,1997.0,2024.0,0,
FNN,Farnborough North,27,1997.0,2024.0,0,
FNR,Farningham Road,27,1997.0,2024.0,0,
FNT,Feniton,27,1997.0,2024.0,0,
FNV,Furness Vale,27,1997.0,2024.0,0,
FNW,Farnworth,27,1997.0,2024.0,0,
FNY,Finchley Road and Frognal,27,1997.0,2024.0,0,
FOC,Falls Of Cruachan,27,1997.0,2024.0,0,
FOD,Ford,27,1997.0,2024.0,0,
FOG,Forest Gate,27,1997.0,2024.0,0,
FOH,Forest Hill,27,1997.0,2024.0,0,
FOK,Four Oaks,27,1997.0,2024.0,0,
FOR,Forres,27,1997.0,2024.0,0,
FOX,Foxfield,27,1997.0,2024.0,0,
FPK,Finsbury Park,27,1997.0,2024.0,0,
FRB,Fairbourne,27,1997.0,2024.0,0,
FRD,Frodsham,27,1997.0,2024.0,0,
FRE,Freshfield,27,1997.0,2024.0,0,
FRF,Fairfield,27,1997.0,2024.0,0,
FRI,Frinton-on-Sea,27,1997.0,2024.0,0,
FRL,Fairlie,27,1997.0,2024.0,0,
FRM,Fareham,27,1997.0,2024.0,0,
FRN,Fearn,27,1997.0,2024.0,0,
FRO,Frome,27,1997.0,2024.0,0,
FRS,Forsinard,27,1997.0,2024.0,0,
FRT,Frant,27,1997.0,2024.0,0,
FRW,Fairwater,27,1997.0,2024.0,0,
FRY,Ferriby,27,1997.0,2024.0,0,
FSB,Fishbourne (Sussex),27,1997.0,2024.0,0,
FSG,Fishersgate,27,1997.0,2024.0,0,
FSK,Fiskerton,27,1997.0,2024.0,0,
FST,London Fenchurch Street,27,1997.0,2024.0,0,
FTM,Fort Matilda,27,1997.0,2024.0,0,
FTN,Fratton,27,1997.0,2024.0,0,
FTW,Fort William,27,1997.0,2024.0,0,
FWY,Five Ways,27,1997.0,2024.0,0,
FXN,Foxton,27,1997.0,2024.0,0,
FYS,Ferryside,27,1997.0,2024.0,0,
FZH,Frizinghall,27,1997.0,2024.0,0,
FZP,Furze Platt,27,1997.0,2024.0,0,
FZW,Fitzwilliam,27,1997.0,2024.0,0,
GAL,Galashiels,10,2015.0,2024.0,0,
GAR,Garrowhill,27,1997.0,2024.0,0,
GBD,Gilberdyke,27,1997.0,2024.0,0,
GBG,Gorebridge,10,2015.0,2024.0,0,
GBK,Greenbank,27,1997.0,2024.0,0,
GBL,Gainsborough Lea Road,27,1997.0,2024.0,0,
GBS,Goring-By-Sea,27,1997.0,2024.0,0,
GCH,Garelochhead,27,1997.0,2024.0,0,
GCR,Gloucester,27,1997.0,2024.0,0,
GCT,Great Coates,27,1997.0,2024.0,0,
GCW,Glan Conwy,27,1997.0,2024.0,0,
GDH,Gordon Hill,27,1997.0,2024.0,0,
GDL,Godley,27,1997.0,2024.0,0,
GDN,Godstone,27,1997.0,2024.0,0,
GDP,Gidea Park,27,1997.0,2024.0,0,
GEA,Gretna Green,27,1997.0,2024.0,0,
GER,Gerrards Cross,27,1997.0,2024.0,0,
GFD,Greenford,19,2006.0,2024.0,0,
GFF,Gilfach Fargoed,27,1997.0,2024.0,0,
GFN,Giffnock,27,1997.0,2024.0,0,
GGJ,Georgemas Junction,27,1997.0,2024.0,0,
GGV,Gargrave,27,1997.0,2024.0,0,
GIG,Giggleswick,27,1997.0,2024.0,0,
GIL,Gillingham (Dorset),27,1997.0,2024.0,0,
GIP,Gipsy Hill,27,1997.0,2024.0,0,
GIR,Girvan,27,1997.0,2024.0,0,
GKC,Greenock Central,27,1997.0,2024.0,0,
GKW,Greenock West,27,1997.0,2024.0,0,
GLC,Glasgow Central,27,1997.0,2024.0,0,
GLD,Guildford,27,1997.0,2024.0,0,
GLE,Gleneagles,27,1997.0,2024.0,0,
GLF,Glenfinnan,27,1997.0,2024.0,0,
GLG,Glengarnock,27,1997.0,2024.0,0,
GLH,Glasshoughton,21,2004.0,2024.0,0,
GLM,Gillingham (Kent),27,1997.0,2024.0,0,
GLO,Glossop,27,1997.0,2024.0,0,
GLQ,Glasgow Queen Street,27,1997.0,2024.0,0,
GLS,Glaisdale,27,1997.0,2024.0,0,
GLT,Glenrothes with Thornton,27,1997.0,2024.0,0,
GLY,Glynde,27,1997.0,2024.0,0,
GLZ,Glazebrook,27,1997.0,2024.0,0,
GMB,Grimsby Town,27,1997.0,2024.0,0,
GMD,Grimsby Docks,27,1997.0,2024.0,0,
GMG,Garth (Bridgend County),27,1997.0,2024.0,0,
GMN,Great Missenden,27,1997.0,2024.0,0,
GMT,Grosmont,27,1997.0,2024.0,0,
GMV,Great Malvern,27,1997.0,2024.0,0,
GMY,Goodmayes,27,1997.0,2024.0,0,
GNB,Gainsborough Central,27,1997.0,2024.0,0,
GNF,Greenfield,27,1997.0,2024.0,0,
GNH,Greenhithe for Bluewater,27,1997.0,2024.0,0,
GNL,Green Lane,27,1997.0,2024.0,0,
GNR,Green Road,27,1997.0,2024.0,0,
GNT,Gunton,27,1997.0,2024.0,0,
GNW,Greenwich,27,1997.0,2024.0,0,
GOB,Gobowen,27,1997.0,2024.0,0,
GOD,Godalming,27,1997.0,2024.0,0,
GOE,Goldthorpe,27,1997.0,2024.0,0,
GOF,Golf Street,27,1997.0,2024.0,0,
GOL,Golspie,27,1997.0,2024.0,0,
GOM,Gomshall,27,1997.0,2024.0,0,
GOO,Goole,27,1997.0,2024.0,0,
GOR,Goring and Streatley,27,1997.0,2024.0,0,
GOS,Grange-Over-Sands,27,1997.0,2024.0,0,
GOX,Goxhill,27,1997.0,2024.0,0,
GPK,Grange Park,27,1997.0,2024.0,0,
GPO,Gospel Oak,27,1997.0,2024.0,0,
GRA,Grantham,27,1997.0,2024.0,0,
GRB,Great Bentley,27,1997.0,2024.0,0,
GRC,Great Chesterford,27,1997.0,2024.0,0,
GRF,Garforth,27,1997.0,2024.0,0,
GRH,Gartcosh,20,2005.0,2024.0,0,
GRK,Gourock,27,1997.0,2024.0,0,
GRL,Greenfaulds,27,1997.0,2024.0,0,
GRN,Grindleford,27,1997.0,2024.0,0,
GRP,Grove Park,27,1997.0,2024.0,0,
GRS,Garscadden,27,1997.0,2024.0,0,
GRT,Grateley,27,1997.0,2024.0,0,
GRV,Gravesend,27,1997.0,2024.0,0,
GRY,Grays,27,1997.0,2024.0,0,
GSC,Gilshochill,27,1997.0,2024.0,0,
GSD,Garsdale,27,1997.0,2024.0,0,
GSL,Gunnislake,27,1997.0,2024.0,0,
GSN,Garston (Hertfordshire),27,1997.0,2024.0,0,
GST,Gathurst,27,1997.0,2024.0,0,
GSW,Garswood,27,1997.0,2024.0,0,
GSY,Guiseley,27,1997.0,2024.0,0,
GTA,Great Ayton,27,1997.0,2024.0,0,
GTH,Garth (Powys),27,1997.0,2024.0,0,
GTN,Grangetown (Cardiff),27,1997.0,2024.0,0,
GTO,Gorton,27,1997.0,2024.0,0,
GTR,Goostrey,27,1997.0,2024.0,0,
GTW,Gatwick Airport,27,1997.0,2024.0,0,
GTY,Gatley,27,1997.0,2024.0,0,
GUI,Guide Bridge,27,1997.0,2024.0,0,
GUN,Gunnersbury,27,1997.0,2024.0,0,
GVE,Garve,27,1997.0,2024.0,0,
GVH,Gravelly Hill,27,1997.0,2024.0,0,
GWE,Gwersyllt,27,1997.0,2024.0,0,
GWN,Gowerton,27,1997.0,2024.0,0,
GYM,Great Yarmouth,27,1997.0,2024.0,0,
GYP,Gypsy Lane,27,1997.0,2024.0,0,
HAB,Habrough,27,1997.0,2024.0,0,
HAC,Hackney Downs,27,1997.0,2024.0,0,
HAD,Haddiscoe,27,1997.0,2024.0,0,
HAF,Heathrow Terminal 4 (Rail Station Only),6,2019.0,2024.0,0,
HAG,Hagley,27,1997.0,2024.0,0,
HAI,Halling,27,1997.0,2024.0,0,
HAL,Hale (Manchester),27,1997.0,2024.0,0,
HAM,Hamworthy,27,1997.0,2024.0,0,
HAN,Hanwell,27,1997.0,2024.0,0,
HAP,Hatfield Peverel,27,1997.0,2024.0,0,
HAS,Halesworth,27,1997.0,2024.0,0,
HAT,Hatfield (Herts),27,1997.0,2024.0,0,
HAV,Havant,27,1997.0,2024.0,0,
HAY,Hayes and Harlington,27,1997.0,2024.0,0,
HAZ,Hazel Grove,27,1997.0,2024.0,0,
HBB,Hubberts Bridge,27,1997.0,2024.0,0,
HBD,Hebden Bridge,27,1997.0,2024.0,0,
HBL,Headbolt Lane,2,2023.0,2024.0,0,
HBN,Hollingbourne,27,1997.0,2024.0,0,
HBP,Hornbeam Park,27,1997.0,2024.0,0,
HBY,Hartlebury,27,1997.0,2024.0,0,
HCB,Hackbridge,27,1997.0,2024.0,0,
HCH,Holmes Chapel,27,1997.0,2024.0,0,
HCN,Headcorn,27,1997.0,2024.0,0,
HCT,Huncoat,27,1997.0,2024.0,0,
HDB,Haydon Bridge,27,1997.0,2024.0,0,
HDE,Hedge End,27,1997.0,2024.0,0,
HDF,Hadfield,27,1997.0,2024.0,0,
HDG,Heald Green,27,1997.0,2024.0,0,
HDH,Hampstead Heath,27,1997.0,2024.0,0,
HDL,Headstone Lane,27,1997.0,2024.0,0,
HDM,Haddenham and Thame Parkway,27,1997.0,2024.0,0,
HDN,Harlesden,27,1997.0,2024.0,0,
HDW,Hadley Wood,27,1997.0,2024.0,0,
HDY,Headingley,27,1997.0,2024.0,0,
HEC,Heckington,27,1997.0,2024.0,0,
HED,Halewood,27,1997.0,2024.0,0,
HEI,Heighington,27,1997.0,2024.0,0,
HEL,Hensall,27,1997.0,2024.0,0,
HEN,Hendon,27,1997.0,2024.0,0,
HER,Hersham,27,1997.0,2024.0,0,
HES,Hessle,27,1997.0,2024.0,0,
HEV,Hever,27,1997.0,2024.0,0,
HEW,Heworth,27,1997.0,2024.0,0,
HEX,Hexham,27,1997.0,2024.0,0,
HFD,Hereford,27,1997.0,2024.0,0,
HFE,Hertford East,27,1997.0,2024.0,0,
HFN,Hertford North,27,1997.0,2024.0,0,
HFS,Hatfield and Stainforth,27,1997.0,2024.0,0,
HFX,Halifax,27,1997.0,2024.0,0,
HGD,Hungerford,27,1997.0,2024.0,0,
HGF,Hag Fold,27,1997.0,2024.0,0,
HGG,Haggerston,15,2010.0,2024.0,0,
HGM,Higham,27,1997.0,2024.0,0,
HGN,Hough Green,27,1997.0,2024.0,0,
HGR,Hither Green,27,1997.0,2024.0,0,
HGS,Hastings,27,1997.0,2024.0,0,
HGT,Harrogate,27,1997.0,2024.0,0,
HGY,Harringay,27,1997.0,2024.0,0,
HHB,Heysham Port,27,1997.0,2024.0,0,
HHD,Holyhead,27,1997.0,2024.0,0,
HHE,Haywards Heath,27,1997.0,2024.0,0,
HHL,Heath High Level,27,1997.0,2024.0,0,
HHY,Highbury and Islington,19,2006.0,2024.0,0,
HIA,Hampton-In-Arden,27,1997.0,2024.0,0,
HIB,High Brooms,27,1997.0,2024.0,0,
HID,Hall-I'-Th'-Wood,27,1997.0,2024.0,0,
HIG,Highbridge and Burnham,27,1997.0,2024.0,0,
HIL,Hillside,27,1997.0,2024.0,0,
HIN,Hindley,27,1997.0,2024.0,0,
HIP,Highams Park,27,1997.0,2024.0,0,
HIR,Horton-In-Ribblesdale,27,1997.0,2024.0,0,
HIT,Hitchin,27,1997.0,2024.0,0,
HKC,Hackney Central,27,1997.0,2024.0,0,
HKH,Hawkhead,27,1997.0,2024.0,0,
HKM,Hykeham,27,1997.0,2024.0,0,
HKN,Hucknall,27,1997.0,2024.0,0,
HKW,Hackney Wick,27,1997.0,2024.0,0,
HLB,Hildenborough,27,1997.0,2024.0,0,
HLC,Helensburgh Central,27,1997.0,2024.0,0,
HLD,Hellifield,27,1997.0,2024.0,0,
HLE,Hillington East,27,1997.0,2024.0,0,
HLF,Hillfoot,27,1997.0,2024.0,0,
HLG,Hall Green,27,1997.0,2024.0,0,
HLI,Healing,27,1997.0,2024.0,0,
HLL,Heath Low Level,27,1997.0,2024.0,0,
HLM,Holmwood,27,1997.0,2024.0,0,
HLN,Harlington (Bedfordshire),27,1997.0,2024.0,0,
HLR,Hall Road,27,1997.0,2024.0,0,
HLS,Hilsea,27,1997.0,2024.0,0,
HLU,Helensburgh Upper,27,1997.0,2024.0,0,
HLW,Hillington West,27,1997.0,2024.0,0,
HLY,Holytown,27,1997.0,2024.0,0,
HMC,Hampton Court,27,1997.0,2024.0,0,
HMD,Hampden Park (Sussex),27,1997.0,2024.0,0,
HME,Hamble,27,1997.0,2024.0,0,
HML,Hemel Hempstead,27,1997.0,2024.0,0,
HMM,Hammerton,27,1997.0,2024.0,0,
HMN,Homerton,27,1997.0,2024.0,0,
HMP,Hampton (London),27,1997.0,2024.0,0,
HMS,Helmsdale,27,1997.0,2024.0,0,
HMT,Ham Street,27,1997.0,2024.0,0,
HMW,Hampton Wick,27,1997.0,2024.0,0,
HMY,Hairmyres,27,1997.0,2024.0,0,
HNA,Hinton Admiral,27,1997.0,2024.0,0,
HNB,Herne Bay,27,1997.0,2024.0,0,
HNC,Hamilton Central,27,1997.0,2024.0,0,
HND,Hanborough,27,1997.0,2024.0,0,
HNF,Hednesford,27,1997.0,2024.0,0,
HNG,Hengoed,27,1997.0,2024.0,0,
HNH,Herne Hill,27,1997.0,2024.0,0,
HNK,Hinckley (Leics),27,1997.0,2024.0,0,
HNL,Henley-In-Arden,27,1997.0,2024.0,0,
HNT,Huntly,27,1997.0,2024.0,0,
HNW,Hamilton West,27,1997.0,2024.0,0,
HNX,Hunts Cross,27,1997.0,2024.0,0,
HOC,Hockley,27,1997.0,2024.0,0,
HOH,Harrow-On-The-Hill,19,2006.0,2024.0,0,
HOK,Hook,27,1997.0,2024.0,0,
HOL,Holton Heath,27,1997.0,2024.0,0,
HON,Honiton,27,1997.0,2024.0,0,
HOO,Hooton,27,1997.0,2024.0,0,
HOP,Hope (Derbyshire),27,1997.0,2024.0,0,
HOR,Horley,27,1997.0,2024.0,0,
HOT,Henley-On-Thames,27,1997.0,2024.0,0,
HOU,Hounslow,27,1997.0,2024.0,0,
HOV,Hove,27,1997.0,2024.0,0,
HOW,Howden,27,1997.0,2024.0,0,
HOX,Hoxton,15,2010.0,2024.0,0,
HOY,Honley,27,1997.0,2024.0,0,
HOZ,Howwood (Renfrewshire),24,2000.0,2024.0,0,
HPA,Honor Oak Park,27,1997.0,2024.0,0,
HPD,Harpenden,27,1997.0,2024.0,0,
HPE,Hope (Flintshire),27,1997.0,2024.0,0,
HPL,Hartlepool,27,1997.0,2024.0,0,
HPN,Hapton,27,1997.0,2024.0,0,
HPQ,Harwich International,27,1997.0,2024.0,0,
HPT,Hopton Heath,27,1997.0,2024.0,0,
HRD,Harling Road,27,1997.0,2024.0,0,
HRE,Horden,5,2020.0,2024.0,0,
HRH,Horsham,27,1997.0,2024.0,0,
HRL,Harlech,27,1997.0,2024.0,0,
HRM,Harrietsham,27,1997.0,2024.0,0,
HRN,Hornsey,27,1997.0,2024.0,0,
HRO,Harold Wood,27,1997.0,2024.0,0,
HRR,Harrington,27,1997.0,2024.0,0,
HRS,Horsforth,27,1997.0,2024.0,0,
HRW,Harrow and Wealdstone,27,1997.0,2024.0,0,
HRY,Harringay Green Lanes,27,1997.0,2024.0,0,
HSB,Helsby,27,1997.0,2024.0,0,
HSC,Hoscar,27,1997.0,2024.0,0,
HSD,Hamstead (Birmingham),27,1997.0,2024.0,0,
HSG,Hathersage,27,1997.0,2024.0,0,
HSK,Hassocks,27,1997.0,2024.0,0,
HSL,Haslemere,27,1997.0,2024.0,0,
HST,High Street (Glasgow),27,1997.0,2024.0,0,
HSW,Heswall,27,1997.0,2024.0,0,
HSY,Horsley,27,1997.0,2024.0,0,
HTC,Heaton Chapel,27,1997.0,2024.0,0,
HTE,Hatch End,27,1997.0,2024.0,0,
HTF,Hartford (Cheshire),27,1997.0,2024.0,0,
HTH,Handforth,27,1997.0,2024.0,0,
HTN,Hatton,27,1997.0,2024.0,0,
HTO,Hightown,27,1997.0,2024.0,0,
HTW,Hartwood,27,1997.0,2024.0,0,
HTY,Hattersley,27,1997.0,2024.0,0,
HUB,Hunmanby,27,1997.0,2024.0,0,
HUD,Huddersfield,27,1997.0,2024.0,0,
HUL,Hull,27,1997.0,2024.0,0,
HUN,Huntingdon,27,1997.0,2024.0,0,
HUP,Humphrey Park,27,1997.0,2024.0,0,
HUR,Hurst Green,27,1997.0,2024.0,0,
HUT,Hutton Cranswick,27,1997.0,2024.0,0,
HUY,Huyton,27,1997.0,2024.0,0,
HVF,Haverfordwest,27,1997.0,2024.0,0,
HVN,Havenhouse,27,1997.0,2024.0,0,
HWB,Hawarden Bridge,27,1997.0,2024.0,0,
HWC,Harwich Town,27,1997.0,2024.0,0,
HWD,Hawarden,27,1997.0,2024.0,0,
HWH,Haltwhistle,27,1997.0,2024.0,0,
HWI,Horwich Parkway,24,2000.0,2024.0,0,
HWM,Harlow Mill,27,1997.0,2024.0,0,
HWN,Harlow Town,27,1997.0,2024.0,0,
HWV,Heathrow Terminal 5 (Rail Station Only),6,2019.0,2024.0,0,
HWW,How Wood (Hertfordshire),27,1997.0,2024.0,0,
HWY,High Wycombe,27,1997.0,2024.0,0,
HXM,Hoveton and Wroxham,27,1997.0,2024.0,0,
HXX,Heathrow Terminals 2 and 3 (Rail Station Only),6,2019.0,2024.0,0,
HYB,Honeybourne,27,1997.0,2024.0,0,
HYC,Hyde Central,27,1997.0,2024.0,0,
HYD,Heyford,27,1997.0,2024.0,0,
HYH,Hythe (Essex),27,1997.0,2024.0,0,
HYK,Hoylake,27,1997.0,2024.0,0,
HYL,Hayle,27,1997.0,2024.0,0,
HYM,Haymarket,27,1997.0,2024.0,0,
HYN,Hyndland,27,1997.0,2024.0,0,
HYR,Haydons Road,27,1997.0,2024.0,0,
HYS,Hayes (Kent),27,1997.0,2024.0,0,
HYT,Hyde North,27,1997.0,2024.0,0,
HYW,Hinchley Wood,27,1997.0,2024.0,0,
IFD,Ilford,27,1997.0,2024.0,0,
IFI,Ifield,27,1997.0,2024.0,0,
IGD,Invergordon,27,1997.0,2024.0,0,
ILK,Ilkley,27,1997.0,2024.0,0,
ILN,Ilkeston,8,2017.0,2024.0,0,
IMW,Imperial Wharf,16,2009.0,2024.0,0,
INC,Ince (Manchester),27,1997.0,2024.0,0,
INE,Ince and Elton (Cheshire),27,1997.0,2024.0,0,
ING,Invergowrie,27,1997.0,2024.0,0,
INH,Invershin,27,1997.0,2024.0,0,
INK,Inverkeithing,27,1997.0,2024.0,0,
INP,Inverkip,27,1997.0,2024.0,0,
INR,Inverurie,27,1997.0,2024.0,0,
INS,Insch,27,1997.0,2024.0,0,
INT,Ingatestone,27,1997.0,2024.0,0,
INV,Inverness,27,1997.0,2024.0,0,
IPS,Ipswich,27,1997.0,2024.0,0,
IRL,Irlam,27,1997.0,2024.0,0,
IRV,Irvine,27,1997.0,2024.0,0,
ISL,Isleworth,27,1997.0,2024.0,0,
ISP,Islip,27,1997.0,2024.0,0,
IVA,Inverness Airport,3,2022.0,2024.0,0,
IVR,Iver,27,1997.0,2024.0,0,
IVY,Ivybridge,27,1997.0,2024.0,0,
JCH,James Cook University Hospital,11,2014.0,2024.0,0,
JEQ,Jewellery Quarter,27,1997.0,2024.0,0,
JHN,Johnstone (Renfrewshire),27,1997.0,2024.0,0,
JOH,Johnston (Pembs),27,1997.0,2024.0,0,
JOR,Jordanhill,27,1997.0,2024.0,0,
KBC,Kinbrace,27,1997.0,2024.0,0,
KBF,Kirkby-In-Furness,27,1997.0,2024.0,0,
KBK,Kents Bank,27,1997.0,2024.0,0,
KBN,Kilburn High Road,27,1997.0,2024.0,0,
KBW,Knebworth,27,1997.0,2024.0,0,
KBX,Kirby Cross,27,1997.0,2024.0,0,
KCK,Knockholt,27,1997.0,2024.0,0,
KDB,Kidbrooke,27,1997.0,2024.0,0,
KDG,Kidsgrove,27,1997.0,2024.0,0,
KDY,Kirkcaldy,27,1997.0,2024.0,0,
KEH,Keith,27,1997.0,2024.0,0,
KEI,Keighley,27,1997.0,2024.0,0,
KEL,Kelvedon,27,1997.0,2024.0,0,
KEM,Kemble,27,1997.0,2024.0,0,
KEN,Kendal,27,1997.0,2024.0,0,
KET,Kettering,27,1997.0,2024.0,0,
KEY,Keyham,27,1997.0,2024.0,0,
KGE,Kingsknowe,27,1997.0,2024.0,0,
KGH,Kinghorn,27,1997.0,2024.0,0,
KGL,Kings Langley,27,1997.0,2024.0,0,
KGM,Kingham,27,1997.0,2024.0,0,
KGN,Kings Nympton,27,1997.0,2024.0,0,
KGP,Kings Park,27,1997.0,2024.0,0,
KGS,Kings Sutton,27,1997.0,2024.0,0,
KGT,Kilgetty,27,1997.0,2024.0,0,
KGX,London Kings Cross,27,1997.0,2024.0,0,
KID,Kidderminster,27,1997.0,2024.0,0,
KIL,Kildonan,27,1997.0,2024.0,0,
KIN,Kingussie,27,1997.0,2024.0,0,
KIR,Kirkby (Merseyside),27,1997.0,2024.0,0,
KIT,Kintbury,27,1997.0,2024.0,0,
KIV,Kiveton Bridge,27,1997.0,2024.0,0,
KKB,Kirkby-in-Ashfield,27,1997.0,2024.0,0,
KKD,Kirkdale,27,1997.0,2024.0,0,
KKH,Kirkhill,27,1997.0,2024.0,0,
KKM,Kirkham and Wesham,27,1997.0,2024.0,0,
KKN,Kirknewton,27,1997.0,2024.0,0,
KKS,Kirk Sandall,27,1997.0,2024.0,0,
KLD,Kildale,27,1997.0,2024.0,0,
KLF,Kirkstall Forge,9,2016.0,2024.0,0,
KLM,Kilmaurs,27,1997.0,2024.0,0,
KLN,Kings Lynn,27,1997.0,2024.0,0,
KLY,Kenley,27,1997.0,2024.0,0,
KMH,Kempston Hardwick,27,1997.0,2024.0,0,
KMK,Kilmarnock,27,1997.0,2024.0,0,
KML,Kemsley,27,1997.0,2024.0,0,
KMP,Kempton Park Racecourse,25,1997.0,2024.0,2,2001;2002
KMS,Kemsing,27,1997.0,2024.0,0,
KNA,Knaresborough,27,1997.0,2024.0,0,
KND,Kingswood,27,1997.0,2024.0,0,
KNE,Kennett,27,1997.0,2024.0,0,
KNF,Knutsford,27,1997.0,2024.0,0,
KNG,Kingston,27,1997.0,2024.0,0,
KNI,Knighton,27,1997.0,2024.0,0,
KNL,Kensal Green,27,1997.0,2024.0,0,
KNN,Kings Norton,27,1997.0,2024.0,0,
KNO,Knottingley,27,1997.0,2024.0,0,
KNR,Kensal Rise,27,1997.0,2024.0,0,
KNS,Kennishead,27,1997.0,2024.0,0,
KNT,Kenton,27,1997.0,2024.0,0,
KNU,Knucklas,27,1997.0,2024.0,0,
KNW,Kenilworth,7,2018.0,2024.0,0,
KPA,Kensington Olympia,27,1997.0,2024.0,0,
KPT,Kilpatrick,27,1997.0,2024.0,0,
KRK,Kirkconnel,27,1997.0,2024.0,0,
KSL,Kearsley (Manchester),27,1997.0,2024.0,0,
KSN,Kearsney (Kent),27,1997.0,2024.0,0,
KSW,Kirkby Stephen,27,1997.0,2024.0,0,
KTH,Kent House,27,1997.0,2024.0,0,
KTL,Kirton Lindsey,27,1997.0,2024.0,0,
KTN,Kentish Town,27,1997.0,2024.0,0,
KTR,Kintore,5,2020.0,2024.0,0,
KTW,Kentish Town West,27,1997.0,2024.0,0,
KVD,Kelvindale,19,2006.0,2024.0,0,
KVP,Kiveton Park,27,1997.0,2024.0,0,
KWB,Kew Bridge,27,1997.0,2024.0,0,
KWD,Kirkwood,27,1997.0,2024.0,0,
KWG,Kew Gardens,27,1997.0,2024.0,0,
KWL,Kidwelly,27,1997.0,2024.0,0,
KWN,Kilwinning,27,1997.0,2024.0,0,
KYL,Kyle Of Lochalsh,27,1997.0,2024.0,0,
KYN,Keynsham,27,1997.0,2024.0,0,
LAC,Lancing,27,1997.0,2024.0,0,
LAD,Ladywell,27,1997.0,2024.0,0,
LAG,Langwith-Whaley Thorns,27,1997.0,2024.0,0,
LAI,Laindon,27,1997.0,2024.0,0,
LAK,Lakenheath,27,1997.0,2024.0,0,
LAM,Lamphey,27,1997.0,2024.0,0,
LAN,Lancaster,27,1997.0,2024.0,0,
LAP,Lapford,27,1997.0,2024.0,0,
LAR,Largs,27,1997.0,2024.0,0,
LAS,Llansamlet,27,1997.0,2024.0,0,
LAU,Laurencekirk,16,2009.0,2024.0,0,
LAW,Landywood,27,1997.0,2024.0,0,
LAY,Layton (Lancs),27,1997.0,2024.0,0,
LBG,London Bridge,27,1997.0,2024.0,0,
LBK,Long Buckby,27,1997.0,2024.0,0,
LBO,Loughborough,27,1997.0,2024.0,0,
LBR,Llanbedr,27,1997.0,2024.0,0,
LBT,Larbert,27,1997.0,2024.0,0,
LBZ,Leighton Buzzard,27,1997.0,2024.0,0,
LCC,Lochluichart,27,1997.0,2024.0,0,
LCG,Lochgelly,27,1997.0,2024.0,0,
LCK,Lockwood,27,1997.0,2024.0,0,
LCL,Lochailort,27,1997.0,2024.0,0,
LCN,Lincoln,27,1997.0,2024.0,0,
LCS,Locheilside,27,1997.0,2024.0,0,
LDN,Llandanwg,27,1997.0,2024.0,0,
LDS,Leeds,27,1997.0,2024.0,0,
LDY,Ladybank,27,1997.0,2024.0,0,
LEA,Leagrave,27,1997.0,2024.0,0,
LEB,Lea Bridge,9,2016.0,2024.0,0,
LED,Ledbury,27,1997.0,2024.0,0,
LEE,Lee (London),27,1997.0,2024.0,0,
LEG,Lea Green,24,2000.0,2024.0,0,
LEH,Lea Hall,27,1997.0,2024.0,0,
LEI,Leicester,27,1997.0,2024.0,0,
LEL,Lelant,27,1997.0,2024.0,0,
LEM,Leyton Midland Road,27,1997.0,2024.0,0,
LEN,Lenham,27,1997.0,2024.0,0,
LEO,Leominster,27,1997.0,2024.0,0,
LER,Leytonstone High Road,27,1997.0,2024.0,0,
LES,Leigh-On-Sea,27,1997.0,2024.0,0,
LET,Letchworth Garden City,27,1997.0,2024.0,0,
LEU,Leuchars (For St. Andrews),27,1997.0,2024.0,0,
LEV,Leven,1,2024.0,2024.0,0,
LEW,Lewisham,27,1997.0,2024.0,0,
LEY,Leyland,27,1997.0,2024.0,0,
LFD,Lingfield,27,1997.0,2024.0,0,
LGB,Langbank,27,1997.0,2024.0,0,
LGD,Lingwood,27,1997.0,2024.0,0,
LGE,Long Eaton,27,1997.0,2024.0,0,
LGF,Longfield,27,1997.0,2024.0,0,
LGG,Langley Green,27,1997.0,2024.0,0,
LGJ,Loughborough Junction,27,1997.0,2024.0,0,
LGK,Longbeck,27,1997.0,2024.0,0,
LGM,Langley Mill,27,1997.0,2024.0,0,
LGN,Longton,27,1997.0,2024.0,0,
LGO,Llangynllo,27,1997.0,2024.0,0,
LGS,Langside,27,1997.0,2024.0,0,
LGW,Langwathby,27,1997.0,2024.0,0,
LHA,Loch Awe,27,1997.0,2024.0,0,
LHD,Leatherhead,27,1997.0,2024.0,0,
LHE,Loch Eil Outward Bound,27,1997.0,2024.0,0,
LHM,Lealholm,27,1997.0,2024.0,0,
LHO,Langho,27,1997.0,2024.0,0,
LHS,Limehouse,27,1997.0,2024.0,0,
LHW,Lochwinnoch,27,1997.0,2024.0,0,
LIC,Lichfield City,27,1997.0,2024.0,0,
LID,Lidlington,27,1997.0,2024.0,0,
LIH,Leigh (Kent),27,1997.0,2024.0,0,
LIN,Linlithgow,27,1997.0,2024.0,0,
LIP,Liphook,27,1997.0,2024.0,0,
LIS,Liss,27,1997.0,2024.0,0,
LIT,Littlehampton,27,1997.0,2024.0,0,
LIV,Liverpool Lime Street,27,1997.0,2024.0,0,
LKE,Lake,27,1997.0,2024.0,0,
LLA,Llanaber,27,1997.0,2024.0,0,
LLC,Llandecwyn,27,1997.0,2024.0,0,
LLD,Llandudno,27,1997.0,2024.0,0,
LLE,Llanelli,27,1997.0,2024.0,0,
LLF,Llanfairfechan,27,1997.0,2024.0,0,
LLG,Llangadog,27,1997.0,2024.0,0,
LLH,Llangennech,27,1997.0,2024.0,0,
LLI,Llandybie,27,1997.0,2024.0,0,
LLJ,Llandudno Junction,27,1997.0,2024.0,0,
LLL,Llandeilo,27,1997.0,2024.0,0,
LLM,Llangammarch,27,1997.0,2024.0,0,
LLN,Llandaf,27,1997.0,2024.0,0,
LLO,Llandrindod,27,1997.0,2024.0,0,
LLR,Llanharan,18,2007.0,2024.0,0,
LLS,Llanishen,27,1997.0,2024.0,0,
LLT,Llanbister Road,27,1997.0,2024.0,0,
LLV,Llandovery,27,1997.0,2024.0,0,
LLW,Llwyngwril,27,1997.0,2024.0,0,
LLY,Llwynypia,27,1997.0,2024.0,0,
LMR,Low Moor,8,2017.0,2024.0,0,
LMS,Leamington Spa,27,1997.0,2024.0,0,
LNB,Llanbradach,27,1997.0,2024.0,0,
LND,Longniddry,27,1997.0,2024.0,0,
LNG,Longcross,27,1997.0,2024.0,0,
LNK,Lanark,27,1997.0,2024.0,0,
LNR,Llanwrda,27,1997.0,2024.0,0,
LNW,Llanwrtyd,27,1997.0,2024.0,0,
LNY,Langley (Berks),27,1997.0,2024.0,0,
LNZ,Lenzie,27,1997.0,2024.0,0,
LOB,Longbridge,27,1997.0,2024.0,0,
LOC,Lockerbie,27,1997.0,2024.0,0,
LOF,London Fields,27,1997.0,2024.0,0,
LOH,Lostock Hall,27,1997.0,2024.0,0,
LOO,Looe,27,1997.0,2024.0,0,
LOS,Lostwithiel,27,1997.0,2024.0,0,
LOT,Lostock,27,1997.0,2024.0,0,
LOW,Lowdham,27,1997.0,2024.0,0,
LPG,Llanfairpwll,27,1997.0,2024.0,0,
LPR,Long Preston,27,1997.0,2024.0,0,
LPT,Longport,27,1997.0,2024.0,0,
LPW,Lapworth,27,1997.0,2024.0,0,
LPY,Liverpool South Parkway,19,2006.0,2024.0,0,
LRB,London Road (Brighton),27,1997.0,2024.0,0,
LRD,London Road (Guildford),27,1997.0,2024.0,0,
LRG,Lairg,27,1997.0,2024.0,0,
LRH,Larkhall,19,2006.0,2024.0,0,
LSK,Liskeard,27,1997.0,2024.0,0,
LSN,Livingston North,27,1997.0,2024.0,0,
LST,London Liverpool Street,27,1997.0,2024.0,0,
LSW,Leasowe,27,1997.0,2024.0,0,
LSY,Lower Sydenham,27,1997.0,2024.0,0,
LTG,Lostock Gralam,27,1997.0,2024.0,0,
LTH,Llanhilleth,18,2007.0,2024.0,0,
LTK,Little Kimble,27,1997.0,2024.0,0,
LTL,Littleborough,27,1997.0,2024.0,0,
LTM,Lytham,27,1997.0,2024.0,0,
LTN,Luton Airport Parkway,27,1997.0,2024.0,0,
LTP,Littleport,27,1997.0,2024.0,0,
LTS,Lelant Saltings,27,1997.0,2024.0,0,
LTT,Little Sutton,27,1997.0,2024.0,0,
LTV,Lichfield Trent Valley,27,1997.0,2024.0,0,
LUD,Ludlow,27,1997.0,2024.0,0,
LUT,Luton,27,1997.0,2024.0,0,
LUX,Luxulyan,27,1997.0,2024.0,0,
LVC,Liverpool Central,27,1997.0,2024.0,0,
LVG,Livingston South,27,1997.0,2024.0,0,
LVJ,Liverpool James Street,27,1997.0,2024.0,0,
LVM,Levenshulme,27,1997.0,2024.0,0,
LVN,Littlehaven,27,1997.0,2024.0,0,
LVT,Lisvane and Thornhill,27,1997.0,2024.0,0,
LWH,Lawrence Hill,27,1997.0,2024.0,0,
LWM,Llantwit Major,20,2005.0,2024.0,0,
LWR,Llanrwst,27,1997.0,2024.0,0,
LWS,Lewes,27,1997.0,2024.0,0,
LWT,Lowestoft,27,1997.0,2024.0,0,
LYC,Lympstone Commando,27,1997.0,2024.0,0,
LYD,Lydney,27,1997.0,2024.0,0,
LYE,Lye (West Midlands),27,1997.0,2024.0,0,
LYM,Lympstone Village,27,1997.0,2024.0,0,
LYP,Lymington Pier,27,1997.0,2024.0,0,
LYT,Lymington Town,27,1997.0,2024.0,0,
LZB,Lazonby and Kirkoswald,27,1997.0,2024.0,0,
MAC,Macclesfield,27,1997.0,2024.0,0,
MAG,Maghull,27,1997.0,2024.0,0,
MAI,Maidenhead,27,1997.0,2024.0,0,
MAL,Malden Manor,27,1997.0,2024.0,0,
MAN,Manchester Piccadilly,27,1997.0,2024.0,0,
MAO,Martins Heron,27,1997.0,2024.0,0,
MAR,Margate,27,1997.0,2024.0,0,
MAS,Manors,27,1997.0,2024.0,0,
MAT,Matlock,27,1997.0,2024.0,0,
MAU,Mauldeth Road,27,1997.0,2024.0,0,
MAX,Maxwell Park,27,1997.0,2024.0,0,
MAY,Maybole,27,1997.0,2024.0,0,
MBK,Millbrook (Hants),27,1997.0,2024.0,0,
MBR,Middlesbrough,27,1997.0,2024.0,0,
MBT,Marsh Barton,2,2023.0,2024.0,0,
MCB,Moulsecoomb,27,1997.0,2024.0,0,
MCE,MetroCentre,27,1997.0,2024.0,0,
MCH,March,27,1997.0,2024.0,0,
MCM,Morecambe,27,1997.0,2024.0,0,
MCN,Machynlleth,27,1997.0,2024.0,0,
MCO,Manchester Oxford Road,27,1997.0,2024.0,0,
MCV,Manchester Victoria,27,1997.0,2024.0,0,
MDB,Maidstone Barracks,27,1997.0,2024.0,0,
MDE,Maidstone East,27,1997.0,2024.0,0,
MDG,Midgham,27,1997.0,2024.0,0,
MDL,Middlewood,27,1997.0,2024.0,0,
MDN,Maiden Newton,27,1997.0,2024.0,0,
MDS,Morden South,27,1997.0,2024.0,0,
MDW,Maidstone West,27,1997.0,2024.0,0,
MEC,Meols Cop,27,1997.0,2024.0,0,
MEL,Meldreth,27,1997.0,2024.0,0,
MEN,Menheniot,27,1997.0,2024.0,0,
MEO,Meols,27,1997.0,2024.0,0,
MEP,Meopham,27,1997.0,2024.0,0,
MER,Merthyr Tydfil,27,1997.0,2024.0,0,
MES,Melton (Suffolk),27,1997.0,2024.0,0,
MEV,Merthyr Vale,27,1997.0,2024.0,0,
MEW,Maesteg (Ewenny Road),27,1997.0,2024.0,0,
MEX,Mexborough,27,1997.0,2024.0,0,
MEY,Merryton,20,2005.0,2024.0,0,
MFA,Morfa Mawddach,27,1997.0,2024.0,0,
MFF,Minffordd,27,1997.0,2024.0,0,
MFH,Milford Haven,27,1997.0,2024.0,0,
MFL,Mount Florida,27,1997.0,2024.0,0,
MFT,Mansfield,27,1997.0,2024.0,0,
MGM,Metheringham,27,1997.0,2024.0,0,
MGN,Marston Green,27,1997.0,2024.0,0,
MHM,Merstham,27,1997.0,2024.0,0,
MHR,Market Harborough,27,1997.0,2024.0,0,
MHS,Meadowhall,27,1997.0,2024.0,0,
MIA,Manchester Airport,27,1997.0,2024.0,0,
MIC,Micheldever,27,1997.0,2024.0,0,
MIH,Mills Hill (Manchester),27,1997.0,2024.0,0,
MIJ,Mitcham Junction,27,1997.0,2024.0,0,
MIK,Micklefield,27,1997.0,2024.0,0,
MIL,Mill Hill Broadway,27,1997.0,2024.0,0,
MIM,Moreton-In-Marsh,27,1997.0,2024.0,0,
MIN,Milliken Park,27,1997.0,2024.0,0,
MIR,Mirfield,27,1997.0,2024.0,0,
MIS,Mistley,27,1997.0,2024.0,0,
MKC,Milton Keynes Central,27,1997.0,2024.0,0,
MKM,Melksham,27,1997.0,2024.0,0,
MKR,Market Rasen,27,1997.0,2024.0,0,
MKT,Marks Tey,27,1997.0,2024.0,0,
MLB,Millbrook (Bedfordshire),27,1997.0,2024.0,0,
MLD,Mouldsworth,27,1997.0,2024.0,0,
MLF,Milford (Surrey),27,1997.0,2024.0,0,
MLG,Mallaig,27,1997.0,2024.0,0,
MLH,Mill Hill (Lancs),27,1997.0,2024.0,0,
MLM,Millom,27,1997.0,2024.0,0,
MLN,Milngavie,27,1997.0,2024.0,0,
MLT,Malton,27,1997.0,2024.0,0,
MLW,Marlow,27,1997.0,2024.0,0,
MLY,Morley,27,1997.0,2024.0,0,
MMO,Melton Mowbray,27,1997.0,2024.0,0,
MNC,Markinch,27,1997.0,2024.0,0,
MNE,Manea,27,1997.0,2024.0,0,
MNG,Manningtree,27,1997.0,2024.0,0,
MNN,Menston,27,1997.0,2024.0,0,
MNP,Manor Park,27,1997.0,2024.0,0,
MNR,Manor Road,27,1997.0,2024.0,0,
MNS,Maghull North,7,2018.0,2024.0,0,
MOB,Mobberley,27,1997.0,2024.0,0,
MOG,Moorgate,27,1997.0,2024.0,0,
MON,Monifieth,27,1997.0,2024.0,0,
MOO,Muir Of Ord,27,1997.0,2024.0,0,
MOR,Mortimer,27,1997.0,2024.0,0,
MOS,Moss Side,27,1997.0,2024.0,0,
MOT,Motspur Park,27,1997.0,2024.0,0,
MPK,Mosspark,27,1997.0,2024.0,0,
MPL,Marple,27,1997.0,2024.0,0,
MPT,Morpeth,27,1997.0,2024.0,0,
MRB,Manorbier,27,1997.0,2024.0,0,
MRD,Morchard Road,27,1997.0,2024.0,0,
MRF,Moorfields,27,1997.0,2024.0,0,
MRN,Marden (Kent),27,1997.0,2024.0,0,
MRP,Moorthorpe,27,1997.0,2024.0,0,
MRR,Morar,27,1997.0,2024.0,0,
MRS,Monks Risborough,27,1997.0,2024.0,0,
MRT,Moreton (Merseyside),27,1997.0,2024.0,0,
MRW,Meridian Water,6,2019.0,2024.0,0,
MRY,Maryport,27,1997.0,2024.0,0,
MSD,Moorside,27,1997.0,2024.0,0,
MSH,Mossley Hill,27,1997.0,2024.0,0,
MSK,Marske,27,1997.0,2024.0,0,
MSL,Mossley (Manchester),27,1997.0,2024.0,0,
MSN,Marsden (Yorks),27,1997.0,2024.0,0,
MSO,Moston,27,1997.0,2024.0,0,
MSR,Minster,27,1997.0,2024.0,0,
MSS,Moses Gate,27,1997.0,2024.0,0,
MST,Maesteg,27,1997.0,2024.0,0,
MSW,Mansfield Woodhouse,27,1997.0,2024.0,0,
MTA,Mountain Ash,27,1997.0,2024.0,0,
MTB,Matlock Bath,27,1997.0,2024.0,0,
MTC,Mitcham Eastfields,17,2008.0,2024.0,0,
MTG,Mottingham,27,1997.0,2024.0,0,
MTH,Motherwell,27,1997.0,2024.0,0,
MTL,Mortlake,27,1997.0,2024.0,0,
MTM,Martin Mill,27,1997.0,2024.0,0,
MTN,Moreton (Dorset),27,1997.0,2024.0,0,
MTO,Marton,27,1997.0,2024.0,0,
MTP,Montpelier,27,1997.0,2024.0,0,
MTS,Montrose,27,1997.0,2024.0,0,
MTV,Mount Vernon,27,1997.0,2024.0,0,
MUB,Musselburgh,27,1997.0,2024.0,0,
MUI,Muirend,27,1997.0,2024.0,0,
MVL,Malvern Link,27,1997.0,2024.0,0,
MYB,London Marylebone,27,1997.0,2024.0,0,
MYH,Maryhill,27,1997.0,2024.0,0,
MYL,Maryland,27,1997.0,2024.0,0,
MYT,Mytholmroyd,27,1997.0,2024.0,0,
MZH,Maze Hill,27,1997.0,2024.0,0,
NAN,Nantwich,27,1997.0,2024.0,0,
NAR,Narberth,27,1997.0,2024.0,0,
NAY,Newton Aycliffe,27,1997.0,2024.0,0,
NBA,New Barnet,27,1997.0,2024.0,0,
NBC,New Beckenham,27,1997.0,2024.0,0,
NBE,Newbridge,18,2007.0,2024.0,0,
NBN,New Brighton,27,1997.0,2024.0,0,
NBR,Narborough,27,1997.0,2024.0,0,
NBT,Norbiton,27,1997.0,2024.0,0,
NBW,North Berwick,27,1997.0,2024.0,0,
NBY,Newbury,27,1997.0,2024.0,0,
NCE,New Clee,27,1997.0,2024.0,0,
NCK,New Cumnock,27,1997.0,2024.0,0,
NCL,Newcastle,27,1997.0,2024.0,0,
NCM,North Camp,27,1997.0,2024.0,0,
NCO,Newcourt,10,2015.0,2024.0,0,
NCT,Newark Castle,27,1997.0,2024.0,0,
NDL,North Dulwich,27,1997.0,2024.0,0,
NEG,Newtongrange,10,2015.0,2024.0,0,
NEH,New Eltham,27,1997.0,2024.0,0,
NEI,Neilston,27,1997.0,2024.0,0,
NEL,Nelson,27,1997.0,2024.0,0,
NEM,New Malden,27,1997.0,2024.0,0,
NES,Neston,27,1997.0,2024.0,0,
NET,Netherfield,27,1997.0,2024.0,0,
NEW,Newcraighall,22,2002.0,2024.0,0,
NFA,North Fambridge,27,1997.0,2024.0,0,
NFD,Northfield,27,1997.0,2024.0,0,
NFL,Northfleet,27,1997.0,2024.0,0,
NFN,Nafferton,27,1997.0,2024.0,0,
NGT,Newington,27,1997.0,2024.0,0,
NHD,Nunhead,27,1997.0,2024.0,0,
NHE,New Hythe,27,1997.0,2024.0,0,
NHL,New Holland,27,1997.0,2024.0,0,
NIT,Nitshill,27,1997.0,2024.0,0,
NLN,New Lane,27,1997.0,2024.0,0,
NLR,North Llanrwst,27,1997.0,2024.0,0,
NLS,Nailsea and Backwell,27,1997.0,2024.0,0,
NLT,Northolt Park,27,1997.0,2024.0,0,
NLW,Newton-Le-Willows,27,1997.0,2024.0,0,
NMC,New Mills Central,27,1997.0,2024.0,0,
NMK,Newmarket,27,1997.0,2024.0,0,
NMN,New Mills Newtown,27,1997.0,2024.0,0,
NMP,Northampton,27,1997.0,2024.0,0,
NMT,Needham Market,27,1997.0,2024.0,0,
NNG,Newark Northgate,27,1997.0,2024.0,0,
NNP,Ninian Park,27,1997.0,2024.0,0,
NNT,Nunthorpe,27,1997.0,2024.0,0,
NOA,Newton-On-Ayr,27,1997.0,2024.0,0,
NOR,Normanton,27,1997.0,2024.0,0,
NOT,Nottingham,27,1997.0,2024.0,0,
NPD,New Pudsey,27,1997.0,2024.0,0,
NQU,North Queensferry,27,1997.0,2024.0,0,
NQY,Newquay,27,1997.0,2024.0,0,
NRB,Norbury,27,1997.0,2024.0,0,
NRC,Newbury Racecourse,27,1997.0,2024.0,0,
NRD,North Road (Darlington),27,1997.0,2024.0,0,
NRN,Nairn,27,1997.0,2024.0,0,
NRT,Nethertown,27,1997.0,2024.0,0,
NRW,Norwich,27,1997.0,2024.0,0,
NSB,Normans Bay,27,1997.0,2024.0,0,
NSD,Newstead,27,1997.0,2024.0,0,
NSG,New Southgate,27,1997.0,2024.0,0,
NSH,North Sheen,27,1997.0,2024.0,0,
NTA,Newton Abbot,27,1997.0,2024.0,0,
NTC,Newton St Cyres,27,1997.0,2024.0,0,
NTH,Neath,27,1997.0,2024.0,0,
NTL,Netley,27,1997.0,2024.0,0,
NTN,Newton (Lanark),27,1997.0,2024.0,0,
NTR,Northallerton,27,1997.0,2024.0,0,
NUF,Nutfield,27,1997.0,2024.0,0,
NUM,Northumberland Park,27,1997.0,2024.0,0,
NUN,Nuneaton,27,1997.0,2024.0,0,
NUT,Nutbourne,27,1997.0,2024.0,0,
NVH,Newhaven Harbour,27,1997.0,2024.0,0,
NVN,Newhaven Town,27,1997.0,2024.0,0,
NVR,Navigation Road,27,1997.0,2024.0,0,
NWA,North Walsham,27,1997.0,2024.0,0,
NWB,North Wembley,27,1997.0,2024.0,0,
NWD,Norwood Junction,27,1997.0,2024.0,0,
NWE,Newport (Essex),27,1997.0,2024.0,0,
NWH,Newsham,1,2024.0,2024.0,0,
NWI,Northwich,27,1997.0,2024.0,0,
NWM,New Milton,27,1997.0,2024.0,0,
NWN,Newton For Hyde,27,1997.0,2024.0,0,
NWP,Newport (South Wales),27,1997.0,2024.0,0,
NWR,Newtonmore,27,1997.0,2024.0,0,
NWT,Newtown (Powys),27,1997.0,2024.0,0,
NWX,New Cross,27,1997.0,2024.0,0,
NXG,New Cross Gate,27,1997.0,2024.0,0,
OBN,Oban,27,1997.0,2024.0,0,
OCK,Ockendon,27,1997.0,2024.0,0,
OHL,Old Hill,27,1997.0,2024.0,0,
OKE,Okehampton,15,2010.0,2024.0,0,
OKL,Oakleigh Park,27,1997.0,2024.0,0,
OKM,Oakham,27,1997.0,2024.0,0,
OKN,Oakengates,27,1997.0,2024.0,0,
OLD,Old Street,19,2006.0,2024.0,0,
OLF,Oldfield Park,27,1997.0,2024.0,0,
OLT,Olton,27,1997.0,2024.0,0,
OLY,Ockley,27,1997.0,2024.0,0,
OMS,Ormskirk,27,1997.0,2024.0,0,
OPK,Orrell Park,27,1997.0,2024.0,0,
ORE,Ore,27,1997.0,2024.0,0,
ORN,Old Roan,27,1997.0,2024.0,0,
ORP,Orpington,27,1997.0,2024.0,0,
ORR,Orrell,27,1997.0,2024.0,0,
OTF,Otford,27,1997.0,2024.0,0,
OUN,Oulton Broad North,27,1997.0,2024.0,0,
OUS,Oulton Broad South,27,1997.0,2024.0,0,
OUT,Outwood,27,1997.0,2024.0,0,
OVE,Overpool,27,1997.0,2024.0,0,
OVR,Overton,27,1997.0,2024.0,0,
OXF,Oxford,27,1997.0,2024.0,0,
OXN,Oxenholme Lake District,27,1997.0,2024.0,0,
OXP,Oxford Parkway,10,2015.0,2024.0,0,
OXS,Oxshott,27,1997.0,2024.0,0,
OXT,Oxted,27,1997.0,2024.0,0,
PAD,London Paddington,27,1997.0,2024.0,0,
PAL,Palmers Green,27,1997.0,2024.0,0,
PAN,Pangbourne,27,1997.0,2024.0,0,
PAR,Par,27,1997.0,2024.0,0,
PAT,Patricroft,27,1997.0,2024.0,0,
PBL,Parbold,27,1997.0,2024.0,0,
PBO,Peterborough,27,1997.0,2024.0,0,
PBR,Potters Bar,27,1997.0,2024.0,0,
PBY,Pembrey and Burry Port,27,1997.0,2024.0,0,
PCD,Pencoed,27,1997.0,2024.0,0,
PCN,Paisley Canal,27,1997.0,2024.0,0,
PDG,Padgate,27,1997.0,2024.0,0,
PDW,Paddock Wood,27,1997.0,2024.0,0,
PEA,Peartree,27,1997.0,2024.0,0,
PEB,Pevensey Bay,27,1997.0,2024.0,0,
PEG,Pegswood,27,1997.0,2024.0,0,
PEM,Pemberton,27,1997.0,2024.0,0,
PEN,Penarth,27,1997.0,2024.0,0,
PER,Penrhiwceiber,27,1997.0,2024.0,0,
PES,Pensarn (Gwynedd),27,1997.0,2024.0,0,
PET,Petts Wood,27,1997.0,2024.0,0,
PEV,Pevensey and Westham,27,1997.0,2024.0,0,
PEW,Pewsey,27,1997.0,2024.0,0,
PFL,Purfleet,27,1997.0,2024.0,0,
PFM,Pontefract Monkhill,27,1997.0,2024.0,0,
PFR,Pontefract Baghill,27,1997.0,2024.0,0,
PFY,Poulton-Le-Fylde,27,1997.0,2024.0,0,
PGM,Pengam,27,1997.0,2024.0,0,
PGN,Paignton,27,1997.0,2024.0,0,
PHG,Penhelig,27,1997.0,2024.0,0,
PHR,Penshurst,27,1997.0,2024.0,0,
PIL,Pilning,27,1997.0,2024.0,0,
PIN,Pinhoe,27,1997.0,2024.0,0,
PIT,Pitlochry,27,1997.0,2024.0,0,
PKG,Penkridge,27,1997.0,2024.0,0,
PKS,Parkstone (Dorset),27,1997.0,2024.0,0,
PKT,Park Street,27,1997.0,2024.0,0,
PLC,Pluckley,27,1997.0,2024.0,0,
PLD,Portslade,27,1997.0,2024.0,0,
PLE,Pollokshields East,27,1997.0,2024.0,0,
PLG,Polegate,27,1997.0,2024.0,0,
PLK,Plockton,27,1997.0,2024.0,0,
PLM,Plumley,27,1997.0,2024.0,0,
PLN,Portlethen,27,1997.0,2024.0,0,
PLS,Pleasington,27,1997.0,2024.0,0,
PLT,Pontlottyn,27,1997.0,2024.0,0,
PLU,Plumstead,27,1997.0,2024.0,0,
PLW,Pollokshields West,27,1997.0,2024.0,0,
PLY,Plymouth,27,1997.0,2024.0,0,
PMA,Portsmouth Arms,27,1997.0,2024.0,0,
PMB,Pembroke,27,1997.0,2024.0,0,
PMD,Pembroke Dock,27,1997.0,2024.0,0,
PMH,Portsmouth Harbour,27,1997.0,2024.0,0,
PMP,Plumpton,27,1997.0,2024.0,0,
PMR,Peckham Rye,27,1997.0,2024.0,0,
PMS,Portsmouth and Southsea,27,1997.0,2024.0,0,
PMT,Polmont,27,1997.0,2024.0,0,
PMW,Penmaenmawr,27,1997.0,2024.0,0,
PNA,Penally,27,1997.0,2024.0,0,
PNC,Penychain,27,1997.0,2024.0,0,
PNE,Penge East,27,1997.0,2024.0,0,
PNF,Penyffordd,27,1997.0,2024.0,0,
PNL,Pannal,27,1997.0,2024.0,0,
PNM,Penmere,27,1997.0,2024.0,0,
PNR,Penrith (North Lakes),27,1997.0,2024.0,0,
PNS,Penistone,27,1997.0,2024.0,0,
PNW,Penge West,27,1997.0,2024.0,0,
PNY,Pen-Y-Bont (Mid Wales),27,1997.0,2024.0,0,
PNZ,Penzance,27,1997.0,2024.0,0,
POK,Pokesdown,27,1997.0,2024.0,0,
POL,Polsloe Bridge,27,1997.0,2024.0,0,
PON,Ponders End,27,1997.0,2024.0,0,
POO,Poole,27,1997.0,2024.0,0,
POP,Poppleton,27,1997.0,2024.0,0,
POR,Porth,27,1997.0,2024.0,0,
POT,Pontefract Tanshelf,27,1997.0,2024.0,0,
PPD,Pontypridd,27,1997.0,2024.0,0,
PPK,Possilpark and Parkhouse,27,1997.0,2024.0,0,
PPL,Pontypool and New Inn,27,1997.0,2024.0,0,
PRA,Prestwick International Airport,27,1997.0,2024.0,0,
PRB,Prestbury,27,1997.0,2024.0,0,
PRE,Preston (Lancs),27,1997.0,2024.0,0,
PRH,Penrhyndeudraeth,27,1997.0,2024.0,0,
PRI,Portway Park and Ride,2,2023.0,2024.0,0,
PRL,Prittlewell,27,1997.0,2024.0,0,
PRN,Parton,27,1997.0,2024.0,0,
PRP,Preston Park,27,1997.0,2024.0,0,
PRR,Princes Risborough,27,1997.0,2024.0,0,
PRS,Prees,27,1997.0,2024.0,0,
PRT,Prestatyn,27,1997.0,2024.0,0,
PRU,Prudhoe,27,1997.0,2024.0,0,
PRW,Perranwell,27,1997.0,2024.0,0,
PRY,Perry Barr,27,1997.0,2024.0,0,
PSC,Prescot,27,1997.0,2024.0,0,
PSE,Pitsea,27,1997.0,2024.0,0,
PSH,Pershore,27,1997.0,2024.0,0,
PSL,Port Sunlight,27,1997.0,2024.0,0,
PSN,Parson Street,27,1997.0,2024.0,0,
PST,Prestonpans,27,1997.0,2024.0,0,
PSW,Polesworth,27,1997.0,2024.0,0,
PTA,Port Talbot Parkway,27,1997.0,2024.0,0,
PTB,Pentre-Bach,27,1997.0,2024.0,0,
PTC,Portchester,27,1997.0,2024.0,0,
PTD,Pontarddulais,27,1997.0,2024.0,0,
PTF,Pantyffynnon,27,1997.0,2024.0,0,
PTG,Port Glasgow,27,1997.0,2024.0,0,
PTH,Perth,27,1997.0,2024.0,0,
PTK,Partick,27,1997.0,2024.0,0,
PTL,Priesthill and Darnley,27,1997.0,2024.0,0,
PTM,Porthmadog,27,1997.0,2024.0,0,
PTR,Petersfield,27,1997.0,2024.0,0,
PTT,Patterton,27,1997.0,2024.0,0,
PTW,Prestwick Town,27,1997.0,2024.0,0,
PUL,Pulborough,27,1997.0,2024.0,0,
PUO,Purley Oaks,27,1997.0,2024.0,0,
PUR,Purley,27,1997.0,2024.0,0,
PUT,Putney,27,1997.0,2024.0,0,
PWE,Pollokshaws East,27,1997.0,2024.0,0,
PWL,Pwllheli,27,1997.0,2024.0,0,
PWW,Pollokshaws West,27,1997.0,2024.0,0,
PWY,Patchway,27,1997.0,2024.0,0,
PYC,Pontyclun,27,1997.0,2024.0,0,
PYE,Pye Corner,11,2014.0,2024.0,0,
PYG,Paisley Gilmour Street,27,1997.0,2024.0,0,
PYJ,Paisley St James,27,1997.0,2024.0,0,
PYL,Pyle,27,1997.0,2024.0,0,
PYN,Penryn (Cornwall),27,1997.0,2024.0,0,
PYP,Pont-y-Pant,27,1997.0,2024.0,0,
PYT,Poynton,27,1997.0,2024.0,0,
QBR,Queenborough,27,1997.0,2024.0,0,
QPK,Queens Park (Glasgow),27,1997.0,2024.0,0,
QPW,Queens Park (London),27,1997.0,2024.0,0,
QRB,Queenstown Road (Battersea),27,1997.0,2024.0,0,
QRP,Queens Road (Peckham),27,1997.0,2024.0,0,
QUI,Quintrell Downs,27,1997.0,2024.0,0,
QYD,Quakers Yard,27,1997.0,2024.0,0,
RAD,Radley,27,1997.0,2024.0,0,
RAI,Rainham (Kent),27,1997.0,2024.0,0,
RAM,Ramsgate,27,1997.0,2024.0,0,
RAN,Rannoch,27,1997.0,2024.0,0,
RAU,Rauceby,27,1997.0,2024.0,0,
RAV,Ravenglass for Eskdale,27,1997.0,2024.0,0,
RAY,Raynes Park,27,1997.0,2024.0,0,
RBR,Robertsbridge,27,1997.0,2024.0,0,
RCA,Risca and Pontymister,18,2007.0,2024.0,0,
RCC,Redcar Central,27,1997.0,2024.0,0,
RCD,Rochdale,27,1997.0,2024.0,0,
RCE,Redcar East,27,1997.0,2024.0,0,
RDA,Redland,27,1997.0,2024.0,0,
RDB,Redbridge,27,1997.0,2024.0,0,
RDC,Redditch,27,1997.0,2024.0,0,
RDD,Riddlesdown,27,1997.0,2024.0,0,
RDF,Radcliffe (Nottinghamshire),27,1997.0,2024.0,0,
RDG,Reading,27,1997.0,2024.0,0,
RDH,Redhill,27,1997.0,2024.0,0,
RDM,Riding Mill,27,1997.0,2024.0,0,
RDN,Reddish North,27,1997.0,2024.0,0,
RDR,Radyr,27,1997.0,2024.0,0,
RDS,Reddish South,21,1997.0,2024.0,6,1999;2000;2001;2002;2004;2005
RDT,Radlett,27,1997.0,2024.0,0,
RDW,Reading West,27,1997.0,2024.0,0,
REC,Rectory Road,27,1997.0,2024.0,0,
RED,Redruth,27,1997.0,2024.0,0,
REE,Reedham (Norfolk),27,1997.0,2024.0,0,
REI,Reigate,27,1997.0,2024.0,0,
RET,Retford,27,1997.0,2024.0,0,
RFD,Rochford,27,1997.0,2024.0,0,
RFY,Rock Ferry,27,1997.0,2024.0,0,
RGL,Rugeley Trent Valley,27,1997.0,2024.0,0,
RGP,Reading Green Park,2,2023.0,2024.0,0,
RGT,Rugeley Town,27,1997.0,2024.0,0,
RGW,Ramsgreave and Wilpshire,27,1997.0,2024.0,0,
RHD,Ribblehead,27,1997.0,2024.0,0,
RHI,Rhiwbina,27,1997.0,2024.0,0,
RHL,Rhyl,27,1997.0,2024.0,0,
RHM,Reedham (London),27,1997.0,2024.0,0,
RHO,Rhosneigr,27,1997.0,2024.0,0,
RHY,Rhymney,27,1997.0,2024.0,0,
RIA,Rhoose Cardiff International Airport,20,2005.0,2024.0,0,
RIC,Rickmansworth,19,2006.0,2024.0,0,
RID,Ridgmont,27,1997.0,2024.0,0,
RIL,Rice Lane,27,1997.0,2024.0,0,
RIS,Rishton,27,1997.0,2024.0,0,
RKT,Ruskington,27,1997.0,2024.0,0,
RLG,Rayleigh,27,1997.0,2024.0,0,
RLN,Rowlands Castle,27,1997.0,2024.0,0,
RMB,Roman Bridge,27,1997.0,2024.0,0,
RMC,Rotherham Central,27,1997.0,2024.0,0,
RMD,Richmond (London),27,1997.0,2024.0,0,
RMF,Romford,27,1997.0,2024.0,0,
RML,Romiley,27,1997.0,2024.0,0,
RNF,Rainford,27,1997.0,2024.0,0,
RNH,Rainhill,27,1997.0,2024.0,0,
RNM,Rainham (Essex),27,1997.0,2024.0,0,
RNR,Roughton Road,27,1997.0,2024.0,0,
ROB,Roby,27,1997.0,2024.0,0,
ROC,Roche,27,1997.0,2024.0,0,
ROE,Rotherhithe,15,2010.0,2024.0,0,
ROG,Rogart,27,1997.0,2024.0,0,
ROL,Rolleston,27,1997.0,2024.0,0,
ROM,Romsey,27,1997.0,2024.0,0,
ROO,Roose,27,1997.0,2024.0,0,
ROR,Rogerstone,18,2007.0,2024.0,0,
ROS,Rosyth,27,1997.0,2024.0,0,
ROW,Rowley Regis,27,1997.0,2024.0,0,
RRB,Ryder Brow,27,1997.0,2024.0,0,
RRN,Robroyston,6,2019.0,2024.0,0,
RSG,Rose Grove,27,1997.0,2024.0,0,
RSH,Rose Hill Marple,27,1997.0,2024.0,0,
RSN,Reston,3,2022.0,2024.0,0,
RTN,Renton,27,1997.0,2024.0,0,
RTR,Rochester,27,1997.0,2024.0,0,
RUA,Ruabon,27,1997.0,2024.0,0,
RUE,Runcorn East,27,1997.0,2024.0,0,
RUF,Rufford,27,1997.0,2024.0,0,
RUG,Rugby,27,1997.0,2024.0,0,
RUN,Runcorn,27,1997.0,2024.0,0,
RUS,Ruswarp,27,1997.0,2024.0,0,
RUT,Rutherglen,27,1997.0,2024.0,0,
RVB,Ravensbourne,27,1997.0,2024.0,0,
RVN,Ravensthorpe,27,1997.0,2024.0,0,
RWC,Rawcliffe,27,1997.0,2024.0,0,
RYB,Roy Bridge,27,1997.0,2024.0,0,
RYD,Ryde Esplanade,27,1997.0,2024.0,0,
RYE,Rye (Sussex),27,1997.0,2024.0,0,
RYH,Rye House,27,1997.0,2024.0,0,
RYN,Roydon,27,1997.0,2024.0,0,
RYP,Ryde Pier Head,27,1997.0,2024.0,0,
RYR,Ryde St Johns Road,27,1997.0,2024.0,0,
RYS,Royston,27,1997.0,2024.0,0,
SAA,St Albans Abbey,27,1997.0,2024.0,0,
SAB,Smallbrook Junction,27,1997.0,2024.0,0,
SAC,St Albans City,27,1997.0,2024.0,0,
SAD,Sandwell and Dudley,27,1997.0,2024.0,0,
SAE,Saltaire,27,1997.0,2024.0,0,
SAF,Salfords (Surrey),27,1997.0,2024.0,0,
SAH,Salhouse,27,1997.0,2024.0,0,
SAJ,St Johns (London),27,1997.0,2024.0,0,
SAL,Salisbury,27,1997.0,2024.0,0,
SAM,Saltmarshe,27,1997.0,2024.0,0,
SAN,Sandown,27,1997.0,2024.0,0,
SAR,St Andrews Road,27,1997.0,2024.0,0,
SAS,St Annes-On-The-Sea,27,1997.0,2024.0,0,
SAT,South Acton,27,1997.0,2024.0,0,
SAU,St Austell,27,1997.0,2024.0,0,
SAV,Stratford-Upon-Avon,27,1997.0,2024.0,0,
SAW,Sawbridgeworth,27,1997.0,2024.0,0,
SAX,Saxmundham,27,1997.0,2024.0,0,
SAY,Swanley,27,1997.0,2024.0,0,
SBE,Starbeck,27,1997.0,2024.0,0,
SBF,St Budeaux Ferry Road,27,1997.0,2024.0,0,
SBJ,Stourbridge Junction,27,1997.0,2024.0,0,
SBK,South Bank,27,1997.0,2024.0,0,
SBM,South Bermondsey,27,1997.0,2024.0,0,
SBP,Stonebridge Park,27,1997.0,2024.0,0,
SBR,Spean Bridge,27,1997.0,2024.0,0,
SBS,St Bees,27,1997.0,2024.0,0,
SBT,Stourbridge Town,27,1997.0,2024.0,0,
SBU,Southbury,27,1997.0,2024.0,0,
SBV,St Budeaux Victoria Road,27,1997.0,2024.0,0,
SBY,Selby,27,1997.0,2024.0,0,
SCA,Scarborough,27,1997.0,2024.0,0,
SCF,Stechford,27,1997.0,2024.0,0,
SCG,Stone Crossing,27,1997.0,2024.0,0,
SCH,Scotstounhill,27,1997.0,2024.0,0,
SCR,St Columb Road,27,1997.0,2024.0,0,
SCS,Starcross,27,1997.0,2024.0,0,
SCT,Scotscalder,27,1997.0,2024.0,0,
SCU,Scunthorpe,27,1997.0,2024.0,0,
SCY,South Croydon,27,1997.0,2024.0,0,
SDA,Snodland,27,1997.0,2024.0,0,
SDB,Sandbach,27,1997.0,2024.0,0,
SDC,Shoreditch High Street,15,2010.0,2024.0,0,
SDE,Shadwell,15,2010.0,2024.0,0,
SDF,Saundersfoot,27,1997.0,2024.0,0,
SDG,Sandling,27,1997.0,2024.0,0,
SDH,Sudbury Hill Harrow,27,1997.0,2024.0,0,
SDL,Sandhills,27,1997.0,2024.0,0,
SDM,Shieldmuir,27,1997.0,2024.0,0,
SDN,St Denys,27,1997.0,2024.0,0,
SDP,Sandplace,27,1997.0,2024.0,0,
SDR,Saunderton,27,1997.0,2024.0,0,
SDW,Sandwich,27,1997.0,2024.0,0,
SDY,Sandy,27,1997.0,2024.0,0,
SEA,Seaham,27,1997.0,2024.0,0,
SEC,Seaton Carew,26,1997.0,2024.0,1,1998
SED,Shelford (Cambs),27,1997.0,2024.0,0,
SEE,Southease,27,1997.0,2024.0,0,
SEF,Seaford (Sussex),27,1997.0,2024.0,0,
SEG,Selling,27,1997.0,2024.0,0,
SEH,Shoreham (Kent),27,1997.0,2024.0,0,
SEJ,Seaton Delaval,1,2024.0,2024.0,0,
SEL,Sellafield,27,1997.0,2024.0,0,
SEM,Seamer,27,1997.0,2024.0,0,
SEN,Shenstone,27,1997.0,2024.0,0,
SER,St Erth,27,1997.0,2024.0,0,
SES,South Elmsall,27,1997.0,2024.0,0,
SET,Settle,27,1997.0,2024.0,0,
SEV,Sevenoaks,27,1997.0,2024.0,0,
SFA,Stratford International,16,2009.0,2024.0,0,
SFD,Salford Central,27,1997.0,2024.0,0,
SFI,Shawfair,10,2015.0,2024.0,0,
SFL,Seaforth and Litherland,27,1997.0,2024.0,0,
SFN,Shifnal,27,1997.0,2024.0,0,
SFO,Stanford-Le-Hope,27,1997.0,2024.0,0,
SFR,Shalford (Surrey),27,1997.0,2024.0,0,
SGB,Smethwick Galton Bridge,27,1997.0,2024.0,0,
SGL,South Gyle,27,1997.0,2024.0,0,
SGM,St Germans,27,1997.0,2024.0,0,
SGN,South Greenford,27,1997.0,2024.0,0,
SGR,Slade Green,27,1997.0,2024.0,0,
SHB,Shirebrook,26,1998.0,2024.0,0,
SHC,Streethouse,27,1997.0,2024.0,0,
SHD,Shildon,27,1997.0,2024.0,0,
SHE,Sherborne,27,1997.0,2024.0,0,
SHF,Sheffield,27,1997.0,2024.0,0,
SHH,Shirehampton,27,1997.0,2024.0,0,
SHI,Shiplake,27,1997.0,2024.0,0,
SHJ,St Helens Junction,27,1997.0,2024.0,0,
SHL,Shawlands,27,1997.0,2024.0,0,
SHM,Sheringham,27,1997.0,2024.0,0,
SHN,Shanklin,27,1997.0,2024.0,0,
SHO,Sholing,27,1997.0,2024.0,0,
SHP,Shepperton,27,1997.0,2024.0,0,
SHR,Shrewsbury,27,1997.0,2024.0,0,
SHS,Shotts,27,1997.0,2024.0,0,
SHT,Shotton,27,1997.0,2024.0,0,
SHU,Stonehouse,27,1997.0,2024.0,0,
SHW,Shawford,27,1997.0,2024.0,0,
SHY,Shipley (Yorks),27,1997.0,2024.0,0,
SIA,Southend Airport,14,2011.0,2024.0,0,
SIC,Silecroft,27,1997.0,2024.0,0,
SID,Sidcup,27,1997.0,2024.0,0,
SIE,Sherburn-In-Elmet,27,1997.0,2024.0,0,
SIH,St Helier (London),27,1997.0,2024.0,0,
SIL,Sileby,27,1997.0,2024.0,0,
SIN,Singer,27,1997.0,2024.0,0,
SIP,Shipton,27,1997.0,2024.0,0,
SIT,Sittingbourne,27,1997.0,2024.0,0,
SIV,St Ives (Cornwall),27,1997.0,2024.0,0,
SJP,St James Park (Exeter),27,1997.0,2024.0,0,
SJS,St James Street (Walthamstow),27,1997.0,2024.0,0,
SKE,Skewen,27,1997.0,2024.0,0,
SKG,Skegness,27,1997.0,2024.0,0,
SKI,Skipton,27,1997.0,2024.0,0,
SKM,Stoke Mandeville,27,1997.0,2024.0,0,
SKN,St Keyne Wishing Well Halt,27,1997.0,2024.0,0,
SKS,Stocksfield,27,1997.0,2024.0,0,
SKW,Stoke Newington,27,1997.0,2024.0,0,
SLA,Slateford,27,1997.0,2024.0,0,
SLB,Saltburn,27,1997.0,2024.0,0,
SLD,Salford Crescent,27,1997.0,2024.0,0,
SLH,Sleights,27,1997.0,2024.0,0,
SLK,Silkstone Common,27,1997.0,2024.0,0,
SLL,Stallingborough,27,1997.0,2024.0,0,
SLO,Slough,27,1997.0,2024.0,0,
SLQ,St Leonards Warrior Square,27,1997.0,2024.0,0,
SLR,Sleaford,27,1997.0,2024.0,0,
SLS,Shettleston,27,1997.0,2024.0,0,
SLT,Saltcoats,27,1997.0,2024.0,0,
SLV,Silver Street,27,1997.0,2024.0,0,
SLW,Salwick,27,1997.0,2024.0,0,
SLY,Selly Oak,27,1997.0,2024.0,0,
SMA,Small Heath,27,1997.0,2024.0,0,
SMB,Smithy Bridge,27,1997.0,2024.0,0,
SMD,Stamford (Lincs),27,1997.0,2024.0,0,
SMG,St Margarets (London),27,1997.0,2024.0,0,
SMH,Stamford Hill,27,1997.0,2024.0,0,
SMK,Stowmarket,27,1997.0,2024.0,0,
SML,Sea Mills,27,1997.0,2024.0,0,
SMN,Southminster,27,1997.0,2024.0,0,
SMO,South Merton,27,1997.0,2024.0,0,
SMR,Smethwick Rolfe Street,27,1997.0,2024.0,0,
SMT,St Margarets (Herts),27,1997.0,2024.0,0,
SMY,St Mary Cray,27,1997.0,2024.0,0,
SNA,Sandal and Agbrigg,27,1997.0,2024.0,0,
SND,Sandhurst (Berks),27,1997.0,2024.0,0,
SNE,Stone (Staffs),25,1997.0,2024.0,2,2007;2008
SNF,Shenfield,27,1997.0,2024.0,0,
SNG,Sunningdale,27,1997.0,2024.0,0,
SNH,St Helens Central,27,1997.0,2024.0,0,
SNI,Snaith,27,1997.0,2024.0,0,
SNK,Sankey For Penketh,27,1997.0,2024.0,0,
SNL,Stoneleigh,27,1997.0,2024.0,0,
SNN,Swinton (Manchester),27,1997.0,2024.0,0,
SNO,St Neots,27,1997.0,2024.0,0,
SNR,Sanderstead,27,1997.0,2024.0,0,
SNS,Staines,27,1997.0,2024.0,0,
SNT,Stanlow and Thornton,24,1997.0,2021.0,0,
SNW,Swanwick,27,1997.0,2024.0,0,
SNY,Sunnymeads,27,1997.0,2024.0,0,
SOA,Southampton Airport Parkway,27,1997.0,2024.0,0,
SOB,Southbourne,27,1997.0,2024.0,0,
SOC,Southend Central,27,1997.0,2024.0,0,
SOE,Southend East,27,1997.0,2024.0,0,
SOF,South Woodham Ferrers,27,1997.0,2024.0,0,
SOG,Stonegate,27,1997.0,2024.0,0,
SOH,South Hampstead,27,1997.0,2024.0,0,
SOI,Stow,10,2015.0,2024.0,0,
SOJ,Soham,4,2021.0,2024.0,0,
SOK,South Kenton,27,1997.0,2024.0,0,
SOL,Solihull,27,1997.0,2024.0,0,
SOM,South Milford,27,1997.0,2024.0,0,
SON,Steeton and Silsden,27,1997.0,2024.0,0,
SOO,Strood (Kent),27,1997.0,2024.0,0,
SOP,Southport,27,1997.0,2024.0,0,
SOR,Sole Street,27,1997.0,2024.0,0,
SOT,Stoke-On-Trent,27,1997.0,2024.0,0,
SOU,Southampton Central,27,1997.0,2024.0,0,
SOV,Southend Victoria,27,1997.0,2024.0,0,
SOW,Sowerby Bridge,27,1997.0,2024.0,0,
SPA,Spalding,27,1997.0,2024.0,0,
SPB,Shepherd's Bush,18,2007.0,2024.0,0,
SPF,Springfield,27,1997.0,2024.0,0,
SPH,Shepherds Well,27,1997.0,2024.0,0,
SPI,Spital,27,1997.0,2024.0,0,
SPK,Sutton Parkway,27,1997.0,2024.0,0,
SPN,Spooner Row,27,1997.0,2024.0,0,
SPO,Spondon,27,1997.0,2024.0,0,
SPP,Shippea Hill,27,1997.0,2024.0,0,
SPR,Springburn,27,1997.0,2024.0,0,
SPS,Stepps,27,1997.0,2024.0,0,
SPT,Stockport,27,1997.0,2024.0,0,
SPU,Staplehurst,27,1997.0,2024.0,0,
SPY,Shepley,27,1997.0,2024.0,0,
SQE,Surrey Quays,15,2010.0,2024.0,0,
SQH,Sanquhar,27,1997.0,2024.0,0,
SQU,Squires Gate,27,1997.0,2024.0,0,
SRA,Stratford (London),27,1997.0,2024.0,0,
SRC,Streatham Common,27,1997.0,2024.0,0,
SRD,Stapleton Road,27,1997.0,2024.0,0,
SRG,Seer Green and Jordans,27,1997.0,2024.0,0,
SRH,Streatham Hill,27,1997.0,2024.0,0,
SRI,Spring Road,27,1997.0,2024.0,0,
SRL,Shirley,27,1997.0,2024.0,0,
SRN,Strines,27,1997.0,2024.0,0,
SRO,Shireoaks,27,1997.0,2024.0,0,
SRR,Sarn,27,1997.0,2024.0,0,
SRS,Selhurst,27,1997.0,2024.0,0,
SRT,Shortlands,27,1997.0,2024.0,0,
SRU,South Ruislip,19,2006.0,2024.0,0,
SRY,Shoeburyness,27,1997.0,2024.0,0,
SSC,Seascale,27,1997.0,2024.0,0,
SSD,Stansted Airport,27,1997.0,2024.0,0,
SSE,Shoreham-By-Sea,27,1997.0,2024.0,0,
SSM,Stocksmoor,27,1997.0,2024.0,0,
SSS,Sheerness-On-Sea,27,1997.0,2024.0,0,
SST,Stansted Mountfitchet,27,1997.0,2024.0,0,
STA,Stafford,27,1997.0,2024.0,0,
STC,Strathcarron,27,1997.0,2024.0,0,
STD,Stroud (Gloucs),27,1997.0,2024.0,0,
STE,Streatham (Greater London),27,1997.0,2024.0,0,
STF,Stromeferry,27,1997.0,2024.0,0,
STG,Stirling,27,1997.0,2024.0,0,
STH,Shepreth,27,1997.0,2024.0,0,
STJ,Severn Tunnel Junction,27,1997.0,2024.0,0,
STK,Stockton,27,1997.0,2024.0,0,
STL,Southall,27,1997.0,2024.0,0,
STM,St Michaels,27,1997.0,2024.0,0,
STN,Stonehaven,27,1997.0,2024.0,0,
STO,South Tottenham,27,1997.0,2024.0,0,
STP,London St Pancras International,27,1997.0,2024.0,0,
STR,Stranraer,27,1997.0,2024.0,0,
STS,Saltash,27,1997.0,2024.0,0,
STT,Stewarton,27,1997.0,2024.0,0,
STU,Sturry,27,1997.0,2024.0,0,
STV,Stevenston,27,1997.0,2024.0,0,
STW,Strawberry Hill,27,1997.0,2024.0,0,
STY,Stratford-upon-Avon Parkway,12,2013.0,2024.0,0,
SUC,Sutton Common,27,1997.0,2024.0,0,
SUD,Sudbury and Harrow Road,27,1997.0,2024.0,0,
SUG,Sugar Loaf,27,1997.0,2024.0,0,
SUM,Summerston,27,1997.0,2024.0,0,
SUN,Sunderland,27,1997.0,2024.0,0,
SUO,Sutton (London),27,1997.0,2024.0,0,
SUP,Sundridge Park,27,1997.0,2024.0,0,
SUR,Surbiton,27,1997.0,2024.0,0,
SUT,Sutton Coldfield,27,1997.0,2024.0,0,
SUU,Sunbury,27,1997.0,2024.0,0,
SUY,Sudbury (Suffolk),27,1997.0,2024.0,0,
SVB,Severn Beach,27,1997.0,2024.0,0,
SVG,Stevenage,27,1997.0,2024.0,0,
SVK,Seven Kings,27,1997.0,2024.0,0,
SVL,Staveley (Cumbria),27,1997.0,2024.0,0,
SVR,Silverdale,27,1997.0,2024.0,0,
SVS,Seven Sisters,19,2006.0,2024.0,0,
SWA,Swansea,27,1997.0,2024.0,0,
SWD,Swinderby,27,1997.0,2024.0,0,
SWE,Swineshead,27,1997.0,2024.0,0,
SWG,Swaythling,27,1997.0,2024.0,0,
SWI,Swindon (Wilts),27,1997.0,2024.0,0,
SWK,Southwick,27,1997.0,2024.0,0,
SWL,Swale,27,1997.0,2024.0,0,
SWM,Swanscombe,27,1997.0,2024.0,0,
SWN,Swinton (South Yorks),27,1997.0,2024.0,0,
SWO,Snowdown,27,1997.0,2024.0,0,
SWR,Stewartby,27,1997.0,2024.0,0,
SWS,South Wigston,27,1997.0,2024.0,0,
SWT,Slaithwaite,27,1997.0,2024.0,0,
SWY,Sway,27,1997.0,2024.0,0,
SXY,Saxilby,27,1997.0,2024.0,0,
SYA,Styal,27,1997.0,2024.0,0,
SYB,Stalybridge,27,1997.0,2024.0,0,
SYD,Sydenham (London),27,1997.0,2024.0,0,
SYH,Sydenham Hill,27,1997.0,2024.0,0,
SYL,Syon Lane,27,1997.0,2024.0,0,
SYS,Syston,27,1997.0,2024.0,0,
SYT,Somerleyton,27,1997.0,2024.0,0,
TAB,Tame Bridge Parkway,27,1997.0,2024.0,0,
TAC,Tackley,27,1997.0,2024.0,0,
TAD,Tadworth,27,1997.0,2024.0,0,
TAF,Taffs Well,27,1997.0,2024.0,0,
TAI,Tain,27,1997.0,2024.0,0,
TAL,Talsarnau,27,1997.0,2024.0,0,
TAM,Tamworth,27,1997.0,2024.0,0,
TAP,Taplow,27,1997.0,2024.0,0,
TAT,Tattenham Corner,27,1997.0,2024.0,0,
TAU,Taunton,27,1997.0,2024.0,0,
TAY,Taynuilt,27,1997.0,2024.0,0,
TBD,Three Bridges,27,1997.0,2024.0,0,
TBW,Tunbridge Wells,27,1997.0,2024.0,0,
TBY,Thornaby,27,1997.0,2024.0,0,
TCR,Tottenham Court Road,3,2022.0,2024.0,0,
TDU,Tondu,27,1997.0,2024.0,0,
TEA,Teesside Airport,25,1997.0,2022.0,0,
TED,Teddington,27,1997.0,2024.0,0,
TEN,Tenby,27,1997.0,2024.0,0,
TEO,Theobalds Grove,27,1997.0,2024.0,0,
TEY,Teynham,27,1997.0,2024.0,0,
TFC,Telford Central,27,1997.0,2024.0,0,
TGM,Teignmouth,27,1997.0,2024.0,0,
TGS,Ty Glas,27,1997.0,2024.0,0,
THA,Thatcham,27,1997.0,2024.0,0,
THB,Thornliebank,27,1997.0,2024.0,0,
THC,Thurnscoe,27,1997.0,2024.0,0,
THD,Thames Ditton,27,1997.0,2024.0,0,
THE,Theale,27,1997.0,2024.0,0,
THH,Thatto Heath,27,1997.0,2024.0,0,
THI,Thirsk,27,1997.0,2024.0,0,
THL,Tile Hill,27,1997.0,2024.0,0,
THO,Thornford,27,1997.0,2024.0,0,
THP,Thanet Parkway,2,2023.0,2024.0,0,
THS,Thurso,27,1997.0,2024.0,0,
THT,Thorntonhall,27,1997.0,2024.0,0,
THU,Thurgarton,27,1997.0,2024.0,0,
THW,The Hawthorns,27,1997.0,2024.0,0,
TIL,Tilbury Town,27,1997.0,2024.0,0,
TIP,Tipton,27,1997.0,2024.0,0,
TIR,Tir-Phil,27,1997.0,2024.0,0,
TIS,Tisbury,27,1997.0,2024.0,0,
TLB,Talybont,27,1997.0,2024.0,0,
TLC,Tal-y-Cafn,27,1997.0,2024.0,0,
TLH,Tilehurst,27,1997.0,2024.0,0,
TLK,The Lakes (Warks),27,1997.0,2024.0,0,
TLS,Thorpe-le-Soken,27,1997.0,2024.0,0,
TMC,Templecombe,27,1997.0,2024.0,0,
TNA,Thornton Abbey,27,1997.0,2024.0,0,
TNF,Tonfanau,27,1997.0,2024.0,0,
TNN,Thorne North,27,1997.0,2024.0,0,
TNP,Tonypandy,27,1997.0,2024.0,0,
TNS,Thorne South,27,1997.0,2024.0,0,
TOD,Todmorden,27,1997.0,2024.0,0,
TOK,Three Oaks,27,1997.0,2024.0,0,
TOL,Tolworth,27,1997.0,2024.0,0,
TOM,Tottenham Hale,19,2006.0,2024.0,0,
TON,Tonbridge,27,1997.0,2024.0,0,
TOO,Tooting,27,1997.0,2024.0,0,
TOP,Topsham,27,1997.0,2024.0,0,
TOT,Totnes,27,1997.0,2024.0,0,
TPB,Thorpe Bay,27,1997.0,2024.0,0,
TPC,Thorpe Culvert,27,1997.0,2024.0,0,
TPN,Ton Pentre,27,1997.0,2024.0,0,
TQY,Torquay,27,1997.0,2024.0,0,
TRA,Trafford Park,27,1997.0,2024.0,0,
TRB,Treherbert,27,1997.0,2024.0,0,
TRD,Troed-Y-Rhiw,27,1997.0,2024.0,0,
TRE,Trefforest Estate,27,1997.0,2024.0,0,
TRF,Trefforest,27,1997.0,2024.0,0,
TRH,Trehafod,27,1997.0,2024.0,0,
TRI,Tring,27,1997.0,2024.0,0,
TRM,Trimley,27,1997.0,2024.0,0,
TRN,Troon,27,1997.0,2024.0,0,
TRO,Trowbridge,27,1997.0,2024.0,0,
TRR,Torre,27,1997.0,2024.0,0,
TRS,Thurston,27,1997.0,2024.0,0,
TRU,Truro,27,1997.0,2024.0,0,
TRY,Treorchy,27,1997.0,2024.0,0,
TTF,Thetford,27,1997.0,2024.0,0,
TTH,Thornton Heath,27,1997.0,2024.0,0,
TTN,Totton,27,1997.0,2024.0,0,
TUH,Tulse Hill,27,1997.0,2024.0,0,
TUL,Tulloch,27,1997.0,2024.0,0,
TUR,Turkey Street,27,1997.0,2024.0,0,
TUT,Tutbury and Hatton,27,1997.0,2024.0,0,
TVP,Tiverton Parkway,27,1997.0,2024.0,0,
TWB,Tweedbank,10,2015.0,2024.0,0,
TWI,Twickenham,27,1997.0,2024.0,0,
TWN,Town Green,27,1997.0,2024.0,0,
TWY,Twyford,27,1997.0,2024.0,0,
TYC,Ty Croes,27,1997.0,2024.0,0,
TYG,Tygwyn,27,1997.0,2024.0,0,
TYL,Tyndrum Lower,27,1997.0,2024.0,0,
TYS,Tyseley,27,1997.0,2024.0,0,
TYW,Tywyn,27,1997.0,2024.0,0,
UCK,Uckfield,27,1997.0,2024.0,0,
UDD,Uddingston,27,1997.0,2024.0,0,
UHA,Uphall,27,1997.0,2024.0,0,
UHL,Upper Holloway,27,1997.0,2024.0,0,
ULC,Ulceby,27,1997.0,2024.0,0,
ULL,Ulleskelf,27,1997.0,2024.0,0,
ULV,Ulverston,27,1997.0,2024.0,0,
UMB,Umberleigh,27,1997.0,2024.0,0,
UNI,University (Birmingham),27,1997.0,2024.0,0,
UPH,Upper Halliford,27,1997.0,2024.0,0,
UPL,Upholland,27,1997.0,2024.0,0,
UPM,Upminster,27,1997.0,2024.0,0,
UPT,Upton (Merseyside),27,1997.0,2024.0,0,
UPW,Upwey,27,1997.0,2024.0,0,
URM,Urmston,27,1997.0,2024.0,0,
UTT,Uttoxeter,27,1997.0,2024.0,0,
UTY,Upper Tyndrum,27,1997.0,2024.0,0,
UWL,Upper Warlingham,27,1997.0,2024.0,0,
VAL,Valley,27,1997.0,2024.0,0,
VIC,London Victoria,27,1997.0,2024.0,0,
VIR,Virginia Water,27,1997.0,2024.0,0,
VXH,Vauxhall,27,1997.0,2024.0,0,
WAC,Warrington Central,27,1997.0,2024.0,0,
WAD,Wadhurst,27,1997.0,2024.0,0,
WAE,London Waterloo East,27,1997.0,2024.0,0,
WAF,Wallyford,27,1997.0,2024.0,0,
WAL,Walton-On-Thames,27,1997.0,2024.0,0,
WAM,Walmer,27,1997.0,2024.0,0,
WAN,Wanborough,27,1997.0,2024.0,0,
WAO,Walton (Merseyside),27,1997.0,2024.0,0,
WAR,Ware (Herts),27,1997.0,2024.0,0,
WAS,Watton-At-Stone,27,1997.0,2024.0,0,
WAT,London Waterloo,27,1997.0,2024.0,0,
WAV,Wavertree Technology Park,24,2000.0,2024.0,0,
WAW,Warrington West,6,2019.0,2024.0,0,
WBC,Waterbeach,27,1997.0,2024.0,0,
WBD,Whitley Bridge,27,1997.0,2024.0,0,
WBL,Warblington,27,1997.0,2024.0,0,
WBO,Wimbledon Chase,27,1997.0,2024.0,0,
WBP,West Brompton,24,2000.0,2024.0,0,
WBQ,Warrington Bank Quay,27,1997.0,2024.0,0,
WBR,Whaley Bridge,27,1997.0,2024.0,0,
WBY,West Byfleet,27,1997.0,2024.0,0,
WCB,Westcombe Park,27,1997.0,2024.0,0,
WCF,Westcliff,27,1997.0,2024.0,0,
WCH,Whitchurch (Hampshire),27,1997.0,2024.0,0,
WCK,Wick,27,1997.0,2024.0,0,
WCL,West Calder,27,1997.0,2024.0,0,
WCM,Wickham Market,27,1997.0,2024.0,0,
WCP,Worcester Park,27,1997.0,2024.0,0,
WCR,Whitecraigs,27,1997.0,2024.0,0,
WCX,Wembley Stadium,27,1997.0,2024.0,0,
WCY,West Croydon,27,1997.0,2024.0,0,
WDB,Woodbridge,27,1997.0,2024.0,0,
WDD,Widdrington,27,1997.0,2024.0,0,
WDE,Wood End,27,1997.0,2024.0,0,
WDH,Woodhouse,27,1997.0,2024.0,0,
WDL,Woodhall,27,1997.0,2024.0,0,
WDM,Windermere,27,1997.0,2024.0,0,
WDN,Walsden,27,1997.0,2024.0,0,
WDO,Waddon,27,1997.0,2024.0,0,
WDS,Woodlesford,27,1997.0,2024.0,0,
WDT,West Drayton,27,1997.0,2024.0,0,
WDU,West Dulwich,27,1997.0,2024.0,0,
WEA,West Ealing,27,1997.0,2024.0,0,
WEE,Weeley,27,1997.0,2024.0,0,
WEH,West Ham,19,2006.0,2024.0,0,
WEL,Wellingborough,27,1997.0,2024.0,0,
WEM,Wem,27,1997.0,2024.0,0,
WES,Westerton,27,1997.0,2024.0,0,
WET,Weeton,27,1997.0,2024.0,0,
WEY,Weymouth,27,1997.0,2024.0,0,
WFF,Whifflet,27,1997.0,2024.0,0,
WFH,Watford High Street,27,1997.0,2024.0,0,
WFI,Westerfield,27,1997.0,2024.0,0,
WFJ,Watford Junction,27,1997.0,2024.0,0,
WFL,Wainfleet,27,1997.0,2024.0,0,
WFN,Watford North,27,1997.0,2024.0,0,
WGA,Westgate-On-Sea,27,1997.0,2024.0,0,
WGC,Welwyn Garden City,27,1997.0,2024.0,0,
WGN,Wigan North Western,27,1997.0,2024.0,0,
WGR,Woodgrange Park,27,1997.0,2024.0,0,
WGT,Wigton,27,1997.0,2024.0,0,
WGV,Wargrave,27,1997.0,2024.0,0,
WGW,Wigan Wallgate,27,1997.0,2024.0,0,
WHA,Westenhanger,27,1997.0,2024.0,0,
WHC,Walthamstow Central,27,1997.0,2024.0,0,
WHD,West Hampstead,27,1997.0,2024.0,0,
WHE,Whalley (Lancashire),27,1997.0,2024.0,0,
WHG,Westhoughton,27,1997.0,2024.0,0,
WHI,Whitstable,27,1997.0,2024.0,0,
WHL,White Hart Lane,27,1997.0,2024.0,0,
WHM,Whimple,27,1997.0,2024.0,0,
WHN,Whiston,27,1997.0,2024.0,0,
WHP,West Hampstead Thameslink,27,1997.0,2024.0,0,
WHR,West Horndon,27,1997.0,2024.0,0,
WHS,Whyteleafe South,27,1997.0,2024.0,0,
WHT,Whitchurch (Cardiff),27,1997.0,2024.0,0,
WHY,Whyteleafe,27,1997.0,2024.0,0,
WIC,Wickford,27,1997.0,2024.0,0,
WID,Widnes,27,1997.0,2024.0,0,
WIH,Winchmore Hill,27,1997.0,2024.0,0,
WIJ,Willesden Junction,27,1997.0,2024.0,0,
WIL,Willington,27,1997.0,2024.0,0,
WIM,Wimbledon,27,1997.0,2024.0,0,
WIN,Winchester,27,1997.0,2024.0,0,
WIV,Wivenhoe,27,1997.0,2024.0,0,
WKB,West Kilbride,27,1997.0,2024.0,0,
WKD,Walkden,27,1997.0,2024.0,0,
WKF,Wakefield Westgate,27,1997.0,2024.0,0,
WKG,Workington,27,1997.0,2024.0,0,
WKI,West Kirby,27,1997.0,2024.0,0,
WKK,Wakefield Kirkgate,27,1997.0,2024.0,0,
WKM,Wokingham,27,1997.0,2024.0,0,
WLC,Waltham Cross,27,1997.0,2024.0,0,
WLD,West St Leonards,27,1997.0,2024.0,0,
WLE,Whittlesea,27,1997.0,2024.0,0,
WLF,Whittlesford Parkway,27,1997.0,2024.0,0,
WLG,Wallasey Grove Road,27,1997.0,2024.0,0,
WLI,Welling,27,1997.0,2024.0,0,
WLM,Williamwood,27,1997.0,2024.0,0,
WLN,Wellington (Shropshire),27,1997.0,2024.0,0,
WLO,Waterloo (Merseyside),27,1997.0,2024.0,0,
WLP,Welshpool,27,1997.0,2024.0,0,
WLS,Woolston,27,1997.0,2024.0,0,
WLT,Wallington,27,1997.0,2024.0,0,
WLV,Wallasey Village,27,1997.0,2024.0,0,
WLW,Welwyn North,27,1997.0,2024.0,0,
WLY,Woodley,27,1997.0,2024.0,0,
WMA,West Malling,27,1997.0,2024.0,0,
WMB,Wembley Central,27,1997.0,2024.0,0,
WMC,Wilmcote,27,1997.0,2024.0,0,
WMD,Wymondham,27,1997.0,2024.0,0,
WME,Woodmansterne,27,1997.0,2024.0,0,
WMG,Welham Green,27,1997.0,2024.0,0,
WMI,Wildmill,27,1997.0,2024.0,0,
WML,Wilmslow,27,1997.0,2024.0,0,
WMN,Warminster,27,1997.0,2024.0,0,
WMR,Widney Manor,27,1997.0,2024.0,0,
WMS,Wemyss Bay,27,1997.0,2024.0,0,
WMW,Walthamstow Queen's Road,27,1997.0,2024.0,0,
WNC,Windsor and Eton Central,27,1997.0,2024.0,0,
WND,Wendover,27,1997.0,2024.0,0,
WNE,Wilnecote (Staffs),27,1997.0,2024.0,0,
WNF,Winchfield,27,1997.0,2024.0,0,
WNG,Waun-gron Park,27,1997.0,2024.0,0,
WNH,Warnham,27,1997.0,2024.0,0,
WNL,Whinhill,27,1997.0,2024.0,0,
WNM,Weston Milton,27,1997.0,2024.0,0,
WNN,Wennington,27,1997.0,2024.0,0,
WNP,Wanstead Park,27,1997.0,2024.0,0,
WNR,Windsor and Eton Riverside,27,1997.0,2024.0,0,
WNS,Winnersh,27,1997.0,2024.0,0,
WNT,Wandsworth Town,27,1997.0,2024.0,0,
WNW,West Norwood,27,1997.0,2024.0,0,
WNY,White Notley,27,1997.0,2024.0,0,
WOB,Woburn Sands,27,1997.0,2024.0,0,
WOF,Worcester Foregate Street,27,1997.0,2024.0,0,
WOH,Woldingham,27,1997.0,2024.0,0,
WOK,Woking,27,1997.0,2024.0,0,
WOL,Wolverton,27,1997.0,2024.0,0,
WOM,Wombwell,27,1997.0,2024.0,0,
WON,Walton-on-the-Naze,27,1997.0,2024.0,0,
WOO,Wool,27,1997.0,2024.0,0,
WOP,Worcestershire Parkway,6,2019.0,2024.0,0,
WOR,Worle,27,1997.0,2024.0,0,
WOS,Worcester Shrub Hill,27,1997.0,2024.0,0,
WPE,Wapping,15,2010.0,2024.0,0,
WPL,Worplesdon,27,1997.0,2024.0,0,
WRB,Wrabness,27,1997.0,2024.0,0,
WRE,Wrenbury,27,1997.0,2024.0,0,
WRH,Worthing,27,1997.0,2024.0,0,
WRK,Worksop,27,1997.0,2024.0,0,
WRL,Wetheral,27,1997.0,2024.0,0,
WRM,Wareham (Dorset),27,1997.0,2024.0,0,
WRN,West Runton,27,1997.0,2024.0,0,
WRP,Warwick Parkway,24,2000.0,2024.0,0,
WRS,Wressle,27,1997.0,2024.0,0,
WRT,Worstead,27,1997.0,2024.0,0,
WRU,West Ruislip,27,1997.0,2024.0,0,
WRW,Warwick,27,1997.0,2024.0,0,
WRX,Wrexham General,27,1997.0,2024.0,0,
WRY,Wraysbury,27,1997.0,2024.0,0,
WSA,West Allerton,27,1997.0,2024.0,0,
WSB,Westbury,27,1997.0,2024.0,0,
WSE,Winchelsea,27,1997.0,2024.0,0,
WSF,Winsford,27,1997.0,2024.0,0,
WSH,Wishaw,27,1997.0,2024.0,0,
WSL,Walsall,27,1997.0,2024.0,0,
WSM,Weston-Super-Mare,27,1997.0,2024.0,0,
WSR,Woodsmoor,27,1997.0,2024.0,0,
WST,Wood Street,27,1997.0,2024.0,0,
WSU,West Sutton,27,1997.0,2024.0,0,
WSW,Wandsworth Common,27,1997.0,2024.0,0,
WTA,Wester Hailes,27,1997.0,2024.0,0,
WTB,Whitby,27,1997.0,2024.0,0,
WTC,Whitchurch (Shropshire),27,1997.0,2024.0,0,
WTE,Whitlocks End,27,1997.0,2024.0,0,
WTG,Watlington,27,1997.0,2024.0,0,
WTH,Whitehaven,27,1997.0,2024.0,0,
WTI,Winnersh Triangle,27,1997.0,2024.0,0,
WTL,Whitland,27,1997.0,2024.0,0,
WTM,Witham,27,1997.0,2024.0,0,
WTN,Whitton (London),27,1997.0,2024.0,0,
WTO,Water Orton,27,1997.0,2024.0,0,
WTR,Wateringbury,27,1997.0,2024.0,0,
WTS,Whatstandwell,27,1997.0,2024.0,0,
WTT,Witton (West Midlands),27,1997.0,2024.0,0,
WTY,Witley,27,1997.0,2024.0,0,
WVF,Wivelsfield,27,1997.0,2024.0,0,
WVH,Wolverhampton,27,1997.0,2024.0,0,
WWA,Woolwich Arsenal,27,1997.0,2024.0,0,
WWC,Woolwich,3,2022.0,2024.0,0,
WWD,Woolwich Dockyard,27,1997.0,2024.0,0,
WWI,West Wickham,27,1997.0,2024.0,0,
WWL,Whitwell (Derbyshire),26,1998.0,2024.0,0,
WWO,West Worthing,27,1997.0,2024.0,0,
WWR,Wandsworth Road,27,1997.0,2024.0,0,
WWW,Wootton Wawen,27,1997.0,2024.0,0,
WXC,Wrexham Central,27,1997.0,2024.0,0,
WYB,Weybridge,27,1997.0,2024.0,0,
WYE,Wye,27,1997.0,2024.0,0,
WYL,Wylde Green,27,1997.0,2024.0,0,
WYM,Wylam,27,1997.0,2024.0,0,
WYT,Wythall,27,1997.0,2024.0,0,
YAE,Yate,27,1997.0,2024.0,0,
YAL,Yalding,27,1997.0,2024.0,0,
YAT,Yatton,27,1997.0,2024.0,0,
YEO,Yeoford,27,1997.0,2024.0,0,
YET,Yetminster,27,1997.0,2024.0,0,
YNW,Ynyswen,27,1997.0,2024.0,0,
YOK,Yoker,27,1997.0,2024.0,0,
YRD,Yardley Wood,27,1997.0,2024.0,0,
YRK,York,27,1997.0,2024.0,0,
YRM,Yarm,27,1997.0,2024.0,0,
YRT,Yorton,27,1997.0,2024.0,0,
YSM,Ystrad Mynach,27,1997.0,2024.0,0,
YSR,Ystrad Rhondda,27,1997.0,2024.0,0,
YVJ,Yeovil Junction,27,1997.0,2024.0,0,
YVP,Yeovil Pen Mill,27,1997.0,2024.0,0,
ZCW,Canada Water,15,2010.0,2024.0,0,
ZFD,Farringdon,19,2006.0,2024.0,0,
ZLW,Whitechapel,15,2010.0,2024.0,0,
